code	natl	pop24	dens24	pop20	dens20
59001	BEL	NA	NA	NA	NA
59001	NLD	NA	NA	NA	NA
59001	PRT	NA	NA	NA	NA
59002	BEL	4	0.0945	NA	NA
59002	ITA	8	0.1889	NA	NA
59002	PRT	NA	NA	NA	NA
59002	ROU	5	0.1181	NA	NA
59003	BEL	33.77	9.1024	NA	NA
59003	ESP	NA	NA	NA	NA
59003	ITA	NA	NA	NA	NA
59004	BEL	NA	NA	NA	NA
59004	ITA	NA	NA	NA	NA
59004	PRT	NA	NA	NA	NA
59005	BEL	6.14	0.1693	NA	NA
59005	ITA	NA	NA	NA	NA
59005	POL	NA	NA	NA	NA
59005	PRT	4.15	0.1144	NA	NA
59006	BEL	7.64	3.3656	NA	NA
59006	ITA	NA	NA	NA	NA
59007	BEL	NA	NA	NA	NA
59007	ITA	NA	NA	NA	NA
59008	BEL	16.19	0.161	19	0.1855
59008	BGR	NA	NA	NA	NA
59008	ITA	27.55	0.2739	36.79	0.3591
59008	POL	NA	NA	NA	NA
59008	PRT	NA	NA	11.01	0.1075
59008	ROU	NA	NA	NA	NA
59009	BEL	102.84	0.164	99.45	0.1568
59009	BGR	6.89	0.011	5.09	0.008
59009	DEU	27.05	0.0431	32.47	0.0512
59009	ESP	88.15	0.1406	103.42	0.1631
59009	ITA	94.86	0.1513	111.92	0.1765
59009	NLD	23.86	0.0381	42.04	0.0663
59009	POL	19.05	0.0304	24.91	0.0393
59009	PRT	110.71	0.1766	147.58	0.2327
59009	ROU	47.54	0.0758	103.38	0.163
59011	BEL	10.1	0.0928	15.65	0.15
59011	BGR	3.54	0.0325	NA	NA
59011	DEU	3.83	0.0352	3.09	0.0297
59011	ESP	NA	NA	4.1	0.0393
59011	ITA	12.67	0.1165	15.2	0.1458
59011	NLD	7.71	0.0709	NA	NA
59011	PRT	17.69	0.1626	20.54	0.1969
59011	ROU	22.38	0.2057	NA	NA
59012	BEL	93.17	2.8756	NA	NA
59012	DEU	NA	NA	NA	NA
59012	ITA	NA	NA	NA	NA
59012	POL	NA	NA	NA	NA
59012	PRT	NA	NA	NA	NA
59013	BEL	NA	NA	NA	NA
59013	DEU	NA	NA	NA	NA
59013	ITA	NA	NA	NA	NA
59013	POL	NA	NA	NA	NA
59013	PRT	NA	NA	NA	NA
59013	ROU	NA	NA	NA	NA
59014	BEL	14.94	0.1106	14.2	0.1067
59014	DEU	NA	NA	NA	NA
59014	ESP	NA	NA	2	0.015
59014	ITA	32.98	0.2442	32.16	0.2417
59014	POL	NA	NA	NA	NA
59014	PRT	NA	NA	8.28	0.0622
59014	ROU	NA	NA	NA	NA
59015	BEL	NA	NA	NA	NA
59015	DEU	NA	NA	NA	NA
59015	ITA	NA	NA	NA	NA
59015	POL	NA	NA	NA	NA
59015	PRT	4	0.1259	NA	NA
59016	BEL	NA	NA	NA	NA
59017	BEL	60.84	0.2345	68.33	0.2746
59017	ESP	17.56	0.0677	25.2	0.1013
59017	ITA	15.9	0.0613	22.71	0.0913
59017	PRT	122.94	0.4738	124.37	0.4998
59017	ROU	21.18	0.0816	NA	NA
59018	BEL	NA	NA	NA	NA
59018	ROU	NA	NA	NA	NA
59019	BEL	4.83	0.4493	NA	NA
59019	DEU	4.04	0.3758	NA	NA
59019	ITA	NA	NA	NA	NA
59021	BEL	20	1.1044	NA	NA
59021	BGR	NA	NA	NA	NA
59021	ESP	NA	NA	NA	NA
59021	ITA	7.09	0.3915	NA	NA
59021	ROU	NA	NA	NA	NA
59022	ESP	4.04	0.1781	NA	NA
59022	ITA	NA	NA	NA	NA
59022	NLD	NA	NA	NA	NA
59022	PRT	NA	NA	NA	NA
59023	ITA	NA	NA	NA	NA
59023	PRT	NA	NA	NA	NA
59024	BEL	4.15	0.089	NA	NA
59024	DEU	NA	NA	NA	NA
59024	ESP	NA	NA	NA	NA
59024	ITA	NA	NA	NA	NA
59024	POL	5.18	0.1111	NA	NA
59024	PRT	NA	NA	NA	NA
59024	ROU	NA	NA	NA	NA
59025	BEL	NA	NA	NA	NA
59025	ESP	NA	NA	NA	NA
59025	ITA	NA	NA	NA	NA
59025	PRT	NA	NA	NA	NA
59026	BEL	NA	NA	NA	NA
59027	BEL	4.04	0.2319	NA	NA
59027	ESP	NA	NA	NA	NA
59027	ITA	NA	NA	NA	NA
59027	NLD	NA	NA	NA	NA
59027	PRT	4.05	0.2325	NA	NA
59028	BEL	7.94	0.1099	7	0.0962
59028	ESP	8.92	0.1235	10	0.1375
59028	ITA	4.98	0.069	8	0.11
59028	POL	8	0.1108	10	0.1375
59028	ROU	NA	NA	NA	NA
59029	BEL	NA	NA	NA	NA
59029	ITA	NA	NA	NA	NA
59029	POL	NA	NA	NA	NA
59029	PRT	NA	NA	NA	NA
59031	BEL	6.13	1.6347	NA	NA
59031	ITA	NA	NA	NA	NA
59032	BEL	8	0.1103	8.07	0.1099
59032	BGR	NA	NA	NA	NA
59032	DEU	NA	NA	3.01	0.041
59032	ESP	5	0.0689	5.04	0.0687
59032	ITA	10	0.1379	11.42	0.1556
59032	NLD	NA	NA	2	0.0272
59032	POL	NA	NA	NA	NA
59032	PRT	5	0.0689	7.06	0.0961
59032	ROU	NA	NA	NA	NA
59033	BEL	20.85	0.2318	23.02	0.2613
59033	DEU	NA	NA	2	0.0227
59033	ITA	10.12	0.1125	10.1	0.1146
59033	NLD	NA	NA	NA	NA
59033	POL	8.99	0.1	9.03	0.1025
59033	PRT	10.9	0.1212	12.01	0.1363
59033	ROU	NA	NA	NA	NA
59034	BEL	12	0.4542	NA	NA
59034	ESP	NA	NA	NA	NA
59034	ITA	4	0.1514	NA	NA
59034	NLD	NA	NA	NA	NA
59034	POL	NA	NA	NA	NA
59034	PRT	4	0.1514	NA	NA
59034	ROU	NA	NA	NA	NA
59035	BEL	6	0.258	NA	NA
59035	ITA	NA	NA	NA	NA
59036	BEL	14.88	0.3498	NA	NA
59036	ESP	NA	NA	NA	NA
59036	ITA	20.96	0.4927	NA	NA
59036	POL	NA	NA	NA	NA
59036	PRT	4	0.094	NA	NA
59037	BEL	4	0.1097	NA	NA
59037	ITA	4.01	0.11	NA	NA
59037	PRT	NA	NA	NA	NA
59038	ESP	NA	NA	NA	NA
59038	ITA	NA	NA	NA	NA
59038	POL	NA	NA	NA	NA
59039	PRT	4.06	0.4988	NA	NA
59041	BEL	7	0.3078	NA	NA
59041	DEU	NA	NA	NA	NA
59041	ESP	NA	NA	NA	NA
59041	ITA	NA	NA	NA	NA
59041	NLD	NA	NA	NA	NA
59041	POL	NA	NA	NA	NA
59041	PRT	NA	NA	NA	NA
59041	ROU	6	0.2639	NA	NA
59042	BEL	14	0.7311	NA	NA
59042	DEU	NA	NA	NA	NA
59042	ESP	NA	NA	NA	NA
59042	ITA	NA	NA	NA	NA
59042	PRT	NA	NA	NA	NA
59043	BEL	39.76	0.2633	49.39	0.3344
59043	DEU	NA	NA	2	0.0135
59043	ITA	NA	NA	2	0.0135
59043	NLD	NA	NA	9.46	0.0641
59043	PRT	11.87	0.0786	8.37	0.0567
59044	BEL	49.44	0.9464	NA	NA
59044	ESP	5.31	0.1016	NA	NA
59044	ITA	12.8	0.245	NA	NA
59044	POL	NA	NA	NA	NA
59044	PRT	10.6	0.2029	NA	NA
59044	ROU	5.31	0.1016	NA	NA
59045	BEL	30.81	18.3393	NA	NA
59046	BEL	4.91	0.5887	NA	NA
59047	PRT	NA	NA	NA	NA
59048	PRT	NA	NA	NA	NA
59049	BEL	NA	NA	NA	NA
59049	ITA	NA	NA	NA	NA
59050	BEL	NA	NA	NA	NA
59051	BEL	5.7	0.0856	7.21	0.1127
59051	ESP	NA	NA	NA	NA
59051	ITA	NA	NA	5.12	0.08
59051	NLD	NA	NA	NA	NA
59051	POL	NA	NA	NA	NA
59051	PRT	NA	NA	NA	NA
59051	ROU	NA	NA	2	0.0312
59052	BEL	7.96	0.1579	7.97	0.154
59052	DEU	NA	NA	2	0.0386
59052	ITA	8.09	0.1605	9.06	0.175
59052	PRT	NA	NA	2	0.0386
59052	ROU	NA	NA	NA	NA
59053	BEL	74.75	2.261	NA	NA
59053	DEU	NA	NA	NA	NA
59053	ESP	NA	NA	NA	NA
59053	ITA	7.98	0.2414	NA	NA
59053	NLD	NA	NA	NA	NA
59053	PRT	7.97	0.2411	NA	NA
59054	BEL	NA	NA	NA	NA
59055	BEL	NA	NA	NA	NA
59055	ITA	NA	NA	NA	NA
59055	PRT	NA	NA	NA	NA
59056	BEL	NA	NA	NA	NA
59056	ESP	NA	NA	NA	NA
59057	BEL	3.99	0.6976	NA	NA
59057	ROU	NA	NA	NA	NA
59058	BEL	5.01	0.4831	NA	NA
59058	ESP	NA	NA	NA	NA
59058	ITA	5.02	0.4841	NA	NA
59059	BEL	NA	NA	NA	NA
59060	BEL	NA	NA	NA	NA
59060	PRT	NA	NA	NA	NA
59061	BEL	NA	NA	NA	NA
59061	PRT	NA	NA	NA	NA
59062	BEL	26	15.2047	NA	NA
59062	ITA	NA	NA	NA	NA
59063	BEL	NA	NA	NA	NA
59063	ESP	4	0.2024	NA	NA
59063	ITA	NA	NA	NA	NA
59063	PRT	8	0.4049	NA	NA
59064	BEL	NA	NA	NA	NA
59064	ITA	NA	NA	NA	NA
59064	POL	NA	NA	NA	NA
59064	PRT	NA	NA	NA	NA
59065	BEL	63.1	7.63	NA	NA
59065	ITA	NA	NA	NA	NA
59065	PRT	NA	NA	NA	NA
59066	BEL	14	8.3832	NA	NA
59066	ITA	NA	NA	NA	NA
59067	BEL	NA	NA	NA	NA
59067	BGR	NA	NA	NA	NA
59067	DEU	NA	NA	NA	NA
59067	ITA	NA	NA	NA	NA
59068	BEL	17.12	0.5323	NA	NA
59068	DEU	NA	NA	NA	NA
59068	ESP	NA	NA	NA	NA
59068	ITA	NA	NA	NA	NA
59068	POL	NA	NA	NA	NA
59068	PRT	12.08	0.3756	NA	NA
59068	ROU	NA	NA	NA	NA
59070	BEL	6.07	1.5932	NA	NA
59070	ROU	NA	NA	NA	NA
59071	BEL	5.02	0.2141	NA	NA
59071	ESP	NA	NA	NA	NA
59071	ITA	NA	NA	NA	NA
59071	NLD	NA	NA	NA	NA
59071	PRT	6.08	0.2593	NA	NA
59072	BEL	18.28	7.254	NA	NA
59073	BEL	NA	NA	NA	NA
59074	BEL	3.97	0.1827	NA	NA
59074	DEU	NA	NA	NA	NA
59074	ITA	NA	NA	NA	NA
59074	PRT	NA	NA	NA	NA
59074	ROU	NA	NA	NA	NA
59075	PRT	NA	NA	NA	NA
59076	BEL	41.81	13.3153	NA	NA
59076	DEU	NA	NA	NA	NA
59076	ITA	NA	NA	NA	NA
59077	BEL	18	6.8182	NA	NA
59077	PRT	NA	NA	NA	NA
59078	BEL	7	1.1345	NA	NA
59078	DEU	NA	NA	NA	NA
59078	ESP	NA	NA	NA	NA
59078	ITA	NA	NA	NA	NA
59078	PRT	NA	NA	NA	NA
59079	BEL	5.01	0.0735	7	0.1038
59079	BGR	NA	NA	2	0.0297
59079	ESP	NA	NA	5.01	0.0744
59079	ITA	13.03	0.1911	13.01	0.193
59079	POL	6.02	0.0883	NA	NA
59079	PRT	6.96	0.1021	6.98	0.1035
59079	ROU	NA	NA	2	0.0297
59080	BEL	9.96	0.3464	NA	NA
59080	ESP	NA	NA	NA	NA
59080	ITA	NA	NA	NA	NA
59080	POL	NA	NA	NA	NA
59080	PRT	NA	NA	NA	NA
59080	ROU	NA	NA	NA	NA
59081	BEL	NA	NA	NA	NA
59081	POL	NA	NA	NA	NA
59081	PRT	NA	NA	NA	NA
59082	ESP	NA	NA	NA	NA
59082	NLD	NA	NA	NA	NA
59082	PRT	NA	NA	NA	NA
59082	ROU	3.8	0.2113	NA	NA
59083	ROU	NA	NA	NA	NA
59084	NLD	NA	NA	NA	NA
59084	PRT	NA	NA	NA	NA
59085	PRT	NA	NA	NA	NA
59086	BEL	31.71	1.4355	NA	NA
59086	DEU	NA	NA	NA	NA
59086	ESP	NA	NA	NA	NA
59087	BEL	NA	NA	NA	NA
59087	ITA	NA	NA	NA	NA
59087	PRT	NA	NA	NA	NA
59088	BEL	NA	NA	NA	NA
59088	ITA	NA	NA	NA	NA
59089	ITA	5.96	0.4102	NA	NA
59090	BEL	54.96	0.5554	69.42	0.6871
59090	DEU	6.86	0.0693	7.12	0.0705
59090	ESP	5.17	0.0522	3.96	0.0392
59090	ITA	14.81	0.1497	9.68	0.0958
59090	NLD	5.11	0.0516	5.82	0.0576
59090	POL	4.03	0.0407	NA	NA
59090	PRT	15.82	0.1599	19.34	0.1914
59090	ROU	5.22	0.0527	NA	NA
59091	BEL	NA	NA	NA	NA
59091	DEU	NA	NA	NA	NA
59091	ITA	NA	NA	NA	NA
59092	BEL	NA	NA	NA	NA
59092	ESP	NA	NA	NA	NA
59092	ITA	13.12	0.326	NA	NA
59092	POL	NA	NA	NA	NA
59092	PRT	NA	NA	NA	NA
59093	BEL	NA	NA	NA	NA
59094	BEL	7.01	0.0991	2.99	0.0421
59094	ESP	NA	NA	NA	NA
59094	ITA	NA	NA	5	0.0704
59094	POL	NA	NA	NA	NA
59094	PRT	10.2	0.1442	10.17	0.1433
59094	ROU	NA	NA	NA	NA
59096	BEL	7.98	0.4658	NA	NA
59096	DEU	NA	NA	NA	NA
59096	ITA	NA	NA	NA	NA
59097	BEL	NA	NA	NA	NA
59097	POL	4.98	1.264	NA	NA
59098	BEL	17	0.3468	NA	NA
59098	ESP	44	0.8976	NA	NA
59098	ITA	4	0.0816	NA	NA
59098	NLD	NA	NA	NA	NA
59098	PRT	31	0.6324	NA	NA
59099	BEL	NA	NA	NA	NA
59099	ITA	NA	NA	NA	NA
59099	PRT	NA	NA	NA	NA
59100	BEL	NA	NA	NA	NA
59101	BEL	95	24.5478	NA	NA
59101	ITA	NA	NA	NA	NA
59101	POL	NA	NA	NA	NA
59101	ROU	NA	NA	NA	NA
59102	PRT	NA	NA	NA	NA
59103	BEL	NA	NA	NA	NA
59103	ITA	NA	NA	NA	NA
59104	BEL	72.26	2.2716	NA	NA
59104	DEU	NA	NA	NA	NA
59104	ESP	NA	NA	NA	NA
59104	ITA	11.95	0.3757	NA	NA
59104	NLD	NA	NA	NA	NA
59104	PRT	NA	NA	NA	NA
59104	ROU	NA	NA	NA	NA
59105	BEL	4.14	0.2619	NA	NA
59105	DEU	NA	NA	NA	NA
59105	ITA	NA	NA	NA	NA
59105	NLD	NA	NA	NA	NA
59106	BEL	NA	NA	NA	NA
59106	BGR	NA	NA	NA	NA
59106	NLD	NA	NA	NA	NA
59107	BEL	97.71	2.1977	NA	NA
59107	ESP	NA	NA	NA	NA
59107	ITA	4.12	0.0927	NA	NA
59107	PRT	NA	NA	NA	NA
59107	ROU	NA	NA	NA	NA
59108	BEL	NA	NA	NA	NA
59108	ITA	NA	NA	NA	NA
59109	BEL	NA	NA	NA	NA
59110	BEL	NA	NA	NA	NA
59110	ITA	NA	NA	NA	NA
59111	BEL	NA	NA	NA	NA
59112	BEL	40.32	0.3548	36.86	0.3219
59112	ESP	9.5	0.0836	8.47	0.0739
59112	ITA	54.53	0.4799	78.77	0.688
59112	POL	NA	NA	NA	NA
59112	PRT	6.9	0.0607	8.09	0.0706
59112	ROU	NA	NA	NA	NA
59113	BEL	NA	NA	NA	NA
59113	DEU	NA	NA	NA	NA
59113	ITA	NA	NA	NA	NA
59113	PRT	NA	NA	NA	NA
59114	BEL	7.8	0.4594	NA	NA
59114	PRT	NA	NA	NA	NA
59115	PRT	NA	NA	NA	NA
59116	BEL	13.14	3.136	NA	NA
59117	DEU	NA	NA	NA	NA
59117	ITA	NA	NA	NA	NA
59118	BEL	NA	NA	NA	NA
59118	ITA	NA	NA	NA	NA
59118	PRT	NA	NA	NA	NA
59119	BEL	NA	NA	NA	NA
59119	ITA	NA	NA	NA	NA
59120	BEL	6.16	0.3014	NA	NA
59120	DEU	NA	NA	NA	NA
59120	ESP	NA	NA	NA	NA
59120	POL	6.08	0.2975	NA	NA
59120	PRT	NA	NA	NA	NA
59121	POL	NA	NA	NA	NA
59121	PRT	NA	NA	NA	NA
59122	BEL	18.83	0.0589	23.69	0.0728
59122	DEU	7.66	0.024	12.1	0.0372
59122	ESP	50.93	0.1593	60.52	0.1859
59122	ITA	16.33	0.0511	16.06	0.0493
59122	NLD	NA	NA	6.41	0.0197
59122	POL	35.54	0.1112	39.86	0.1224
59122	PRT	207.62	0.6494	270.13	0.8297
59122	ROU	NA	NA	NA	NA
59123	BEL	NA	NA	NA	NA
59123	ESP	NA	NA	NA	NA
59123	ITA	NA	NA	NA	NA
59123	ROU	NA	NA	NA	NA
59124	BEL	23.62	0.9187	NA	NA
59124	DEU	NA	NA	NA	NA
59124	ITA	NA	NA	NA	NA
59124	PRT	3.84	0.1494	NA	NA
59125	BEL	NA	NA	NA	NA
59125	DEU	NA	NA	NA	NA
59125	PRT	NA	NA	NA	NA
59126	BEL	NA	NA	NA	NA
59126	DEU	NA	NA	NA	NA
59126	PRT	7.94	0.4451	NA	NA
59127	ITA	NA	NA	NA	NA
59127	NLD	NA	NA	NA	NA
59128	BEL	7.58	0.3025	NA	NA
59128	ITA	NA	NA	NA	NA
59128	POL	NA	NA	NA	NA
59128	PRT	5.94	0.237	NA	NA
59129	BEL	3.88	0.1681	NA	NA
59129	ESP	NA	NA	NA	NA
59129	ITA	NA	NA	NA	NA
59129	PRT	3.88	0.1681	NA	NA
59129	ROU	NA	NA	NA	NA
59130	ITA	NA	NA	NA	NA
59130	PRT	NA	NA	NA	NA
59131	BEL	6.08	0.0762	8	0.1013
59131	DEU	NA	NA	NA	NA
59131	ESP	NA	NA	3	0.038
59131	ITA	5.08	0.0637	6	0.076
59131	NLD	NA	NA	2	0.0253
59131	PRT	8.98	0.1126	NA	NA
59132	PRT	10.1	1	NA	NA
59133	BEL	NA	NA	NA	NA
59133	ITA	NA	NA	NA	NA
59133	PRT	NA	NA	NA	NA
59134	BEL	NA	NA	NA	NA
59135	BEL	NA	NA	NA	NA
59135	DEU	NA	NA	NA	NA
59135	ITA	NA	NA	NA	NA
59135	NLD	NA	NA	NA	NA
59136	BEL	6.04	0.0856	6.07	0.0875
59136	ESP	NA	NA	NA	NA
59136	ITA	9.31	0.1319	NA	NA
59136	PRT	11.2	0.1587	13.26	0.1912
59136	ROU	NA	NA	NA	NA
59137	POL	NA	NA	NA	NA
59137	PRT	NA	NA	NA	NA
59138	BEL	NA	NA	NA	NA
59138	ESP	NA	NA	NA	NA
59138	PRT	NA	NA	NA	NA
59139	BEL	16.49	0.116	37.96	0.2602
59139	DEU	NA	NA	2	0.0137
59139	ESP	NA	NA	2	0.0137
59139	ITA	NA	NA	2	0.0137
59139	NLD	NA	NA	NA	NA
59139	PRT	42.13	0.2963	31.54	0.2162
59139	ROU	NA	NA	2	0.0137
59140	PRT	NA	NA	NA	NA
59142	BEL	7.23	1.0358	NA	NA
59143	BEL	16.79	0.1911	18.1	0.2107
59143	DEU	NA	NA	NA	NA
59143	ESP	7.97	0.0907	6.04	0.0703
59143	ITA	7.94	0.0904	8.24	0.0959
59143	NLD	NA	NA	2	0.0233
59143	POL	NA	NA	NA	NA
59143	PRT	15.72	0.1789	16.47	0.1917
59143	ROU	9.94	0.1131	NA	NA
59144	BEL	33.01	3.7986	NA	NA
59144	ESP	NA	NA	NA	NA
59144	PRT	NA	NA	NA	NA
59145	ITA	NA	NA	NA	NA
59145	PRT	NA	NA	NA	NA
59146	BEL	15.74	0.5173	NA	NA
59146	DEU	NA	NA	NA	NA
59146	ITA	NA	NA	NA	NA
59146	POL	NA	NA	NA	NA
59146	PRT	6.11	0.2008	NA	NA
59147	BEL	4	8.3333	NA	NA
59148	BEL	43.37	11.9148	NA	NA
59148	DEU	NA	NA	NA	NA
59149	ESP	NA	NA	NA	NA
59149	PRT	7	0.6375	NA	NA
59150	BEL	3.89	0.706	NA	NA
59150	ITA	NA	NA	NA	NA
59151	BEL	54.84	3.4382	NA	NA
59151	ITA	11.83	0.7417	NA	NA
59152	BEL	127.47	0.9997	138.17	1.1181
59152	ESP	86.08	0.6751	108.48	0.8778
59152	ITA	30.58	0.2398	34.25	0.2772
59152	NLD	6.08	0.0477	NA	NA
59152	POL	8.95	0.0702	NA	NA
59152	PRT	100.28	0.7864	136.96	1.1083
59153	BEL	164	1.7351	175.4	1.8086
59153	DEU	NA	NA	2	0.0206
59153	ESP	NA	NA	3.96	0.0408
59153	ITA	108	1.1426	124.85	1.2873000000000001
59153	NLD	NA	NA	2	0.0206
59153	POL	NA	NA	NA	NA
59153	PRT	13	0.1375	15.12	0.1559
59153	ROU	7	0.0741	8.06	0.0832
59155	BEL	19.39	0.0923	17.64	0.0835
59155	DEU	NA	NA	NA	NA
59155	ESP	19.79	0.0942	21.98	0.104
59155	ITA	14.74	0.0702	24.73	0.117
59155	PRT	18.88	0.0899	19.05	0.0901
59155	ROU	10.85	0.0516	NA	NA
59156	BEL	5.19	0.1779	NA	NA
59156	ITA	6.41	0.2197	NA	NA
59156	PRT	NA	NA	NA	NA
59157	BEL	181	8.2724	NA	NA
59157	DEU	NA	NA	NA	NA
59157	ESP	NA	NA	NA	NA
59157	ITA	6	0.2742	NA	NA
59157	POL	NA	NA	NA	NA
59157	ROU	NA	NA	NA	NA
59158	BEL	5.18	0.1577	NA	NA
59158	DEU	NA	NA	NA	NA
59158	ESP	NA	NA	NA	NA
59158	ITA	NA	NA	NA	NA
59158	POL	NA	NA	NA	NA
59158	PRT	16.03	0.488	NA	NA
59159	PRT	NA	NA	NA	NA
59160	BEL	88.84	1.9538	NA	NA
59160	ESP	NA	NA	NA	NA
59160	ITA	20.02	0.4403	NA	NA
59160	POL	5.01	0.1102	NA	NA
59160	PRT	6.96	0.15310000000000001	NA	NA
59161	BEL	NA	NA	NA	NA
59161	ITA	NA	NA	NA	NA
59162	BEL	NA	NA	NA	NA
59162	ROU	NA	NA	NA	NA
59163	BEL	42.99	0.2046	43.65	0.2074
59163	BGR	NA	NA	NA	NA
59163	DEU	NA	NA	2	0.0095
59163	ESP	16.25	0.0773	19.44	0.0924
59163	ITA	70.22	0.3341	76.38	0.363
59163	POL	34.92	0.1662	32.24	0.1532
59163	PRT	191.8	0.9126	199.92	0.9502
59163	ROU	16.22	0.0772	16.23	0.0771
59164	BEL	NA	NA	NA	NA
59165	BEL	11.16	0.1705	7	0.1088
59165	DEU	NA	NA	2	0.0311
59165	ESP	3.9	0.0596	4.98	0.0774
59165	ITA	4.83	0.0738	2.98	0.0463
59165	POL	NA	NA	NA	NA
59165	PRT	3.9	0.0596	3.03	0.0471
59165	ROU	NA	NA	NA	NA
59166	BEL	4.04	0.2923	NA	NA
59166	DEU	NA	NA	NA	NA
59166	ESP	NA	NA	NA	NA
59166	ITA	NA	NA	NA	NA
59167	BEL	NA	NA	NA	NA
59168	BEL	18.07	0.3775	NA	NA
59168	DEU	NA	NA	NA	NA
59168	ESP	NA	NA	NA	NA
59168	ITA	6.07	0.1268	NA	NA
59168	NLD	NA	NA	NA	NA
59168	POL	NA	NA	NA	NA
59168	PRT	3.95	0.0825	NA	NA
59169	BEL	NA	NA	NA	NA
59170	BEL	NA	NA	3	0.0563
59170	ITA	14	0.26	24.04	0.4515
59170	POL	NA	NA	NA	NA
59170	PRT	NA	NA	2	0.0376
59170	ROU	NA	NA	NA	NA
59172	BEL	21	0.1012	16.84	0.0849
59172	ESP	17.34	0.0835	17.03	0.0859
59172	ITA	83.65	0.403	99.11	0.4999
59172	POL	NA	NA	NA	NA
59172	PRT	21.82	0.1051	43.61	0.22
59172	ROU	39.11	0.1884	NA	NA
59173	BEL	12	0.6508	NA	NA
59173	ESP	NA	NA	NA	NA
59173	ITA	NA	NA	NA	NA
59173	POL	NA	NA	NA	NA
59173	PRT	NA	NA	NA	NA
59174	BEL	14.68	4.3176	NA	NA
59175	BEL	3.56	1.1338	NA	NA
59176	BEL	NA	NA	NA	NA
59178	BEL	61.61	0.1522	79.5	0.2003
59178	DEU	NA	NA	2	0.005
59178	ESP	15.34	0.0379	18.75	0.0472
59178	ITA	55.74	0.1377	54.54	0.1374
59178	NLD	9.42	0.0233	6.81	0.0172
59178	POL	NA	NA	8.21	0.0207
59178	PRT	NA	NA	22.45	0.0566
59178	ROU	7.38	0.0182	NA	NA
59179	BEL	13.12	0.128	10.57	0.1002
59179	ITA	28.26	0.2757	37.84	0.3584
59179	NLD	NA	NA	NA	NA
59179	PRT	23.01	0.2244	27.55	0.261
59180	BEL	5.82	0.394	NA	NA
59180	PRT	NA	NA	NA	NA
59181	BEL	NA	NA	NA	NA
59183	BEL	121.23	0.1377	155.57	0.1781
59183	BGR	NA	NA	NA	NA
59183	DEU	23.32	0.0265	22.67	0.026
59183	ESP	77.81	0.0884	73.29	0.0839
59183	ITA	109.79	0.1247	139.53	0.1597
59183	NLD	19.67	0.0223	22.12	0.0253
59183	POL	22.23	0.0253	24.17	0.0277
59183	PRT	83.88	0.0953	74.4	0.0852
59183	ROU	113.32	0.1287	165.89	0.1899
59184	BEL	NA	NA	NA	NA
59184	DEU	NA	NA	NA	NA
59185	BEL	NA	NA	NA	NA
59185	ESP	NA	NA	NA	NA
59185	ITA	NA	NA	NA	NA
59185	POL	NA	NA	NA	NA
59185	PRT	NA	NA	NA	NA
59186	BEL	5.48	6.0889	NA	NA
59187	BEL	NA	NA	NA	NA
59187	ITA	NA	NA	NA	NA
59189	BEL	6	0.4808	NA	NA
59189	ITA	NA	NA	NA	NA
59190	BEL	59.35	5.8996	NA	NA
59190	DEU	NA	NA	NA	NA
59190	ESP	NA	NA	NA	NA
59190	ITA	NA	NA	NA	NA
59190	PRT	NA	NA	NA	NA
59191	BEL	NA	NA	NA	NA
59191	PRT	NA	NA	NA	NA
59192	ITA	NA	NA	NA	NA
59192	PRT	NA	NA	NA	NA
59193	BEL	5	0.1625	NA	NA
59193	DEU	NA	NA	NA	NA
59193	NLD	NA	NA	NA	NA
59193	PRT	6	0.195	NA	NA
59194	BEL	NA	NA	NA	NA
59194	ITA	NA	NA	NA	NA
59194	PRT	9	0.6912	NA	NA
59195	BEL	NA	NA	NA	NA
59195	PRT	NA	NA	NA	NA
59196	DEU	NA	NA	NA	NA
59196	ESP	NA	NA	NA	NA
59196	ITA	NA	NA	NA	NA
59197	BEL	8.96	0.3757	NA	NA
59197	DEU	NA	NA	NA	NA
59197	ESP	NA	NA	NA	NA
59197	ITA	NA	NA	NA	NA
59197	POL	NA	NA	NA	NA
59197	PRT	NA	NA	NA	NA
59197	ROU	7.44	0.3119	NA	NA
59198	BEL	53.52	22.8718	NA	NA
59198	DEU	NA	NA	NA	NA
59198	ITA	NA	NA	NA	NA
59199	BEL	NA	NA	NA	NA
59199	ITA	NA	NA	NA	NA
59200	BEL	NA	NA	NA	NA
59201	BEL	NA	NA	NA	NA
59201	BGR	NA	NA	NA	NA
59201	ITA	NA	NA	NA	NA
59201	PRT	NA	NA	NA	NA
59202	BEL	14.61	0.2705	15.5	0.3006
59202	ESP	NA	NA	NA	NA
59202	PRT	16.65	0.3082	17.51	0.3394
59202	ROU	4	0.074	NA	NA
59203	BEL	NA	NA	NA	NA
59203	ESP	NA	NA	NA	NA
59203	ITA	4	0.2528	NA	NA
59203	PRT	NA	NA	NA	NA
59204	BEL	4.21	0.8627	NA	NA
59204	POL	NA	NA	NA	NA
59205	BEL	NA	NA	10.53	0.1095
59205	ESP	7.97	0.0857	11.13	0.1157
59205	ITA	62.84	0.6758	99.93	1.0389
59205	NLD	NA	NA	NA	NA
59205	POL	NA	NA	NA	NA
59205	PRT	9.04	0.0972	8.09	0.0841
59205	ROU	NA	NA	NA	NA
59206	BEL	NA	NA	NA	NA
59206	DEU	NA	NA	NA	NA
59206	ESP	4	0.1237	NA	NA
59206	ITA	NA	NA	NA	NA
59206	POL	NA	NA	NA	NA
59206	PRT	37.96	1.1741	NA	NA
59207	BEL	16.01	0.3829	NA	NA
59207	ESP	8.23	0.1968	NA	NA
59207	ITA	17.35	0.415	NA	NA
59207	POL	NA	NA	NA	NA
59207	PRT	NA	NA	NA	NA
59208	ESP	NA	NA	NA	NA
59208	ITA	NA	NA	NA	NA
59209	BEL	NA	NA	NA	NA
59209	ITA	NA	NA	NA	NA
59210	BEL	NA	NA	NA	NA
59210	ITA	NA	NA	NA	NA
59210	NLD	NA	NA	NA	NA
59211	BEL	NA	NA	NA	NA
59212	BEL	12	0.1813	15.93	0.2497
59212	ESP	NA	NA	NA	NA
59212	ITA	NA	NA	3.01	0.0473
59212	POL	NA	NA	NA	NA
59212	PRT	20	0.3022	21.85	0.3426
59212	ROU	NA	NA	NA	NA
59213	BEL	NA	NA	NA	NA
59213	PRT	NA	NA	NA	NA
59214	ITA	NA	NA	NA	NA
59214	POL	NA	NA	NA	NA
59214	ROU	NA	NA	NA	NA
59215	BEL	8	0.8122	NA	NA
59215	ITA	NA	NA	NA	NA
59215	PRT	NA	NA	NA	NA
59216	PRT	4.18	1.1547	NA	NA
59217	BEL	5.13	1.487	NA	NA
59217	ITA	NA	NA	NA	NA
59218	BEL	NA	NA	NA	NA
59218	DEU	NA	NA	NA	NA
59218	POL	NA	NA	NA	NA
59218	ROU	NA	NA	NA	NA
59219	BEL	6.02	0.8281	NA	NA
59219	DEU	6.04	0.8308	NA	NA
59219	ITA	NA	NA	NA	NA
59220	BEL	47.54	0.2608	35.15	0.1971
59220	ESP	13.33	0.0731	24.17	0.1355
59220	ITA	10.12	0.0555	16.7	0.0936
59220	NLD	NA	NA	2	0.0112
59220	POL	8.2	0.045	NA	NA
59220	PRT	33.13	0.1818	57.08	0.3201
59220	ROU	17.7	0.0971	26.12	0.1464
59221	BEL	6.04	0.2375	NA	NA
59221	DEU	NA	NA	NA	NA
59221	ESP	NA	NA	NA	NA
59221	ITA	4.97	0.1954	NA	NA
59221	PRT	NA	NA	NA	NA
59221	ROU	NA	NA	NA	NA
59222	BEL	4	0.1741	NA	NA
59222	ITA	NA	NA	NA	NA
59222	PRT	8	0.3483	NA	NA
59223	BEL	NA	NA	NA	NA
59224	BEL	NA	NA	NA	NA
59224	ESP	NA	NA	NA	NA
59224	PRT	NA	NA	NA	NA
59225	BEL	149	2.1848	163.11	2.3705
59225	ESP	NA	NA	4.03	0.0585
59225	ITA	19	0.2786	21.14	0.3073
59225	NLD	NA	NA	2	0.0291
59225	POL	NA	NA	NA	NA
59225	PRT	28	0.4106	30.21	0.439
59226	BEL	25.12	1.71	NA	NA
59226	ESP	NA	NA	NA	NA
59226	ITA	NA	NA	NA	NA
59226	ROU	NA	NA	NA	NA
59227	BEL	5.01	0.0898	6	0.1114
59227	DEU	NA	NA	NA	NA
59227	ESP	6.01	0.10780000000000001	7	0.13
59227	ITA	18.08	0.3242	22	0.4085
59227	POL	NA	NA	4	0.0743
59227	PRT	4	0.0717	NA	NA
59228	BEL	NA	NA	NA	NA
59228	ITA	NA	NA	NA	NA
59229	BEL	NA	NA	NA	NA
59229	PRT	NA	NA	NA	NA
59230	BEL	46.93	0.8932	53.18	1.0031
59230	ESP	4.09	0.0778	4.07	0.0768
59230	ITA	18.32	0.3487	20.29	0.3828
59230	POL	NA	NA	NA	NA
59230	PRT	NA	NA	2.99	0.0565
59230	ROU	NA	NA	NA	NA
59231	BEL	22.2	2.0826	NA	NA
59231	ESP	NA	NA	NA	NA
59231	ITA	NA	NA	NA	NA
59231	PRT	NA	NA	NA	NA
59232	BEL	46.92	10.5914	NA	NA
59233	BEL	NA	NA	NA	NA
59233	ESP	NA	NA	NA	NA
59234	BEL	7.66	0.1348	NA	NA
59234	ESP	NA	NA	NA	NA
59234	ITA	4.91	0.0864	9.93	0.1696
59234	NLD	NA	NA	NA	NA
59234	POL	5.17	0.091	7.13	0.1218
59234	PRT	NA	NA	2	0.0342
59234	ROU	3.54	0.0623	NA	NA
59237	DEU	NA	NA	NA	NA
59238	BEL	96.63	5.8001	NA	NA
59238	DEU	NA	NA	NA	NA
59238	ESP	6.18	0.3709	NA	NA
59238	ITA	NA	NA	NA	NA
59238	PRT	NA	NA	NA	NA
59238	ROU	NA	NA	NA	NA
59239	BEL	11.05	0.1938	11.03	0.1981
59239	BGR	NA	NA	NA	NA
59239	ITA	13.21	0.2317	13.09	0.235
59239	NLD	NA	NA	NA	NA
59239	POL	5.9	0.1035	NA	NA
59239	ROU	NA	NA	NA	NA
59240	BEL	NA	NA	NA	NA
59241	BEL	NA	NA	NA	NA
59241	PRT	NA	NA	NA	NA
59242	BEL	NA	NA	NA	NA
59242	ITA	NA	NA	NA	NA
59243	BEL	NA	NA	NA	NA
59243	ESP	NA	NA	NA	NA
59244	BEL	4.05	0.2258	NA	NA
59244	BGR	NA	NA	NA	NA
59244	DEU	NA	NA	NA	NA
59244	ITA	NA	NA	NA	NA
59244	PRT	6.07	0.3384	NA	NA
59246	BEL	NA	NA	NA	NA
59247	BEL	7.22	0.4293	NA	NA
59247	ESP	NA	NA	NA	NA
59247	ITA	NA	NA	NA	NA
59247	PRT	NA	NA	NA	NA
59249	BEL	50.73	0.4361	57.87	0.4934
59249	ESP	NA	NA	2	0.0171
59249	ITA	NA	NA	6.08	0.0519
59249	POL	NA	NA	4.83	0.0412
59249	PRT	NA	NA	2	0.0171
59249	ROU	NA	NA	NA	NA
59250	ESP	NA	NA	NA	NA
59250	ITA	NA	NA	NA	NA
59250	NLD	NA	NA	NA	NA
59250	PRT	NA	NA	NA	NA
59251	BEL	NA	NA	NA	NA
59252	BEL	10.14	0.3894	NA	NA
59252	ESP	NA	NA	NA	NA
59252	ITA	NA	NA	NA	NA
59252	NLD	NA	NA	NA	NA
59252	PRT	5.1	0.1959	NA	NA
59253	BEL	38.04	0.5054	42	0.5552
59253	DEU	NA	NA	NA	NA
59253	ITA	31.07	0.4128	37	0.4891
59253	NLD	NA	NA	NA	NA
59253	PRT	5.03	0.0668	5	0.0661
59253	ROU	4	0.0531	NA	NA
59254	BEL	NA	NA	NA	NA
59254	ITA	NA	NA	NA	NA
59255	BEL	NA	NA	NA	NA
59256	BEL	6	0.184	NA	NA
59256	DEU	NA	NA	NA	NA
59256	ESP	NA	NA	NA	NA
59256	ITA	6	0.184	NA	NA
59256	NLD	NA	NA	NA	NA
59256	PRT	NA	NA	NA	NA
59257	BEL	NA	NA	NA	NA
59257	ITA	NA	NA	NA	NA
59257	PRT	NA	NA	NA	NA
59258	BEL	12.21	0.3524	NA	NA
59258	ITA	NA	NA	NA	NA
59258	POL	NA	NA	NA	NA
59258	PRT	5.84	0.1685	NA	NA
59258	ROU	6.38	0.1841	NA	NA
59259	BEL	5.99	1.1564	NA	NA
59259	ITA	NA	NA	NA	NA
59259	NLD	NA	NA	NA	NA
59259	PRT	NA	NA	NA	NA
59259	ROU	NA	NA	NA	NA
59260	BEL	51.52	1.2325	NA	NA
59260	ESP	NA	NA	NA	NA
59260	ITA	NA	NA	NA	NA
59260	PRT	3.94	0.0943	NA	NA
59260	ROU	NA	NA	NA	NA
59261	BEL	19.89	1.1244	NA	NA
59261	DEU	NA	NA	NA	NA
59261	ESP	NA	NA	NA	NA
59261	POL	NA	NA	NA	NA
59261	PRT	NA	NA	NA	NA
59262	BEL	20.1	0.9659	NA	NA
59262	ITA	NA	NA	NA	NA
59262	NLD	NA	NA	NA	NA
59262	POL	NA	NA	NA	NA
59262	ROU	NA	NA	NA	NA
59264	BEL	108.28	14.6721	NA	NA
59264	ITA	NA	NA	NA	NA
59264	POL	NA	NA	NA	NA
59264	PRT	NA	NA	NA	NA
59265	BEL	12.11	0.5182	NA	NA
59266	BEL	6.1	0.1489	NA	NA
59266	DEU	NA	NA	NA	NA
59266	ESP	5.94	0.1449	NA	NA
59266	ITA	NA	NA	NA	NA
59266	NLD	NA	NA	NA	NA
59266	POL	NA	NA	NA	NA
59266	PRT	NA	NA	NA	NA
59266	ROU	4.08	0.0996	NA	NA
59267	BEL	NA	NA	NA	NA
59268	BEL	9	0.1593	10	0.1774
59268	ITA	NA	NA	3	0.0532
59268	NLD	NA	NA	NA	NA
59268	POL	5	0.0885	NA	NA
59268	PRT	15	0.2654	16	0.2839
59269	BEL	NA	NA	NA	NA
59269	ESP	NA	NA	NA	NA
59269	PRT	NA	NA	NA	NA
59270	BEL	NA	NA	NA	NA
59270	NLD	NA	NA	NA	NA
59271	BEL	16.98	0.0827	11.2	0.0488
59271	ESP	38.87	0.1894	37.61	0.1638
59271	ITA	64.65	0.3149	68.9	0.3
59271	NLD	NA	NA	NA	NA
59271	POL	11.64	0.0567	14.44	0.0629
59271	PRT	74.37	0.3623	80.25	0.3494
59271	ROU	19.64	0.0957	NA	NA
59272	BEL	13.09	0.2604	4.16	0.0824
59272	ESP	NA	NA	2	0.0396
59272	ITA	NA	NA	2	0.0396
59272	PRT	NA	NA	2	0.0396
59272	ROU	NA	NA	NA	NA
59273	BEL	13.77	0.1209	17.27	0.1547
59273	DEU	NA	NA	NA	NA
59273	ESP	NA	NA	2	0.0179
59273	ITA	NA	NA	5.52	0.0495
59273	PRT	NA	NA	2	0.0179
59273	ROU	NA	NA	NA	NA
59275	BEL	12	0.9434	NA	NA
59275	ITA	NA	NA	NA	NA
59275	NLD	NA	NA	NA	NA
59275	PRT	NA	NA	NA	NA
59276	BEL	NA	NA	NA	NA
59276	ITA	13.69	0.2923	NA	NA
59276	POL	3.87	0.0826	NA	NA
59276	PRT	NA	NA	NA	NA
59276	ROU	NA	NA	NA	NA
59277	BEL	88.63	25.3229	NA	NA
59277	ITA	4.64	1.3257	NA	NA
59278	BEL	4.8	0.1009	NA	NA
59278	DEU	NA	NA	NA	NA
59278	ESP	NA	NA	NA	NA
59278	ITA	7.92	0.1665	NA	NA
59278	POL	NA	NA	NA	NA
59278	PRT	13.08	0.275	NA	NA
59278	ROU	NA	NA	NA	NA
59279	BEL	160.74	0.7667	178.22	0.8568
59279	BGR	19.01	0.0907	NA	NA
59279	DEU	NA	NA	2	0.0096
59279	ESP	53.5	0.2552	52.88	0.2542
59279	ITA	57.46	0.2741	66.4	0.3192
59279	NLD	NA	NA	2	0.0096
59279	POL	NA	NA	NA	NA
59279	PRT	80.74	0.3851	105.56	0.5075
59279	ROU	NA	NA	2	0.0096
59280	DEU	NA	NA	NA	NA
59280	ITA	NA	NA	NA	NA
59281	BEL	NA	NA	NA	NA
59281	ESP	NA	NA	NA	NA
59281	ROU	NA	NA	NA	NA
59282	BEL	3.87	0.9579	NA	NA
59282	PRT	NA	NA	NA	NA
59282	ROU	NA	NA	NA	NA
59283	BEL	14.34	2.2547	NA	NA
59283	ITA	NA	NA	NA	NA
59283	PRT	NA	NA	NA	NA
59284	BEL	14.87	0.3801	NA	NA
59284	ESP	NA	NA	NA	NA
59284	ITA	4.86	0.1242	NA	NA
59284	PRT	NA	NA	NA	NA
59285	BEL	NA	NA	NA	NA
59285	ITA	NA	NA	NA	NA
59286	BEL	19.08	0.1284	30.96	0.2073
59286	DEU	NA	NA	2	0.0134
59286	ESP	8.74	0.0588	8.67	0.058
59286	ITA	10.45	0.0703	12.6	0.0844
59286	POL	NA	NA	NA	NA
59286	PRT	12.9	0.0868	22.5	0.1507
59286	ROU	NA	NA	16.18	0.1084
59288	BEL	NA	NA	NA	NA
59288	ITA	7.99	0.3406	NA	NA
59288	NLD	NA	NA	NA	NA
59288	POL	NA	NA	NA	NA
59289	BEL	NA	NA	NA	NA
59289	POL	NA	NA	NA	NA
59290	BEL	NA	NA	NA	NA
59291	BEL	61.04	0.4282	69.12	0.4743
59291	ESP	22.53	0.158	40.94	0.2809
59291	ITA	27.44	0.1925	42.99	0.295
59291	PRT	57.28	0.4018	71.26	0.4889
59291	ROU	NA	NA	NA	NA
59292	BEL	NA	NA	NA	NA
59292	ITA	8.07	0.2474	NA	NA
59292	POL	NA	NA	NA	NA
59292	PRT	NA	NA	NA	NA
59293	BEL	NA	NA	NA	NA
59293	ITA	NA	NA	NA	NA
59295	BEL	25.73	0.1175	27.64	0.1289
59295	DEU	NA	NA	2	0.0093
59295	ESP	NA	NA	2	0.0093
59295	POL	NA	NA	NA	NA
59295	PRT	NA	NA	15.22	0.071
59295	ROU	9.99	0.0456	NA	NA
59296	BEL	NA	NA	NA	NA
59297	ESP	NA	NA	NA	NA
59297	ITA	5.64	0.2907	NA	NA
59297	POL	NA	NA	NA	NA
59297	PRT	4.85	0.25	NA	NA
59299	BEL	41.89	0.222	37.91	0.2036
59299	BGR	NA	NA	NA	NA
59299	DEU	14.26	0.0756	11.64	0.0625
59299	ESP	NA	NA	9.49	0.051
59299	ITA	62.51	0.3313	75.15	0.4037
59299	NLD	NA	NA	NA	NA
59299	POL	7.55	0.04	NA	NA
59299	PRT	121.61	0.6445	163.8	0.8799
59299	ROU	NA	NA	NA	NA
59301	BEL	105.24	2.3407	NA	NA
59301	DEU	NA	NA	NA	NA
59301	ESP	NA	NA	NA	NA
59301	ITA	19.25	0.4282	NA	NA
59301	POL	NA	NA	NA	NA
59302	BEL	10	0.2406	NA	NA
59302	DEU	NA	NA	NA	NA
59302	ESP	NA	NA	NA	NA
59302	ITA	19	0.4571	NA	NA
59302	POL	NA	NA	NA	NA
59302	PRT	NA	NA	NA	NA
59302	ROU	NA	NA	NA	NA
59303	BEL	NA	NA	NA	NA
59303	ITA	NA	NA	NA	NA
59303	POL	NA	NA	NA	NA
59304	ESP	NA	NA	NA	NA
59305	BEL	5.11	0.30620000000000003	NA	NA
59305	NLD	NA	NA	NA	NA
59305	POL	NA	NA	NA	NA
59306	BEL	59.65	19.9498	NA	NA
59307	BEL	NA	NA	NA	NA
59307	PRT	NA	NA	NA	NA
59308	BEL	NA	NA	NA	NA
59308	DEU	NA	NA	NA	NA
59308	ITA	3.93	0.4199	NA	NA
59308	POL	NA	NA	NA	NA
59308	PRT	NA	NA	NA	NA
59308	ROU	NA	NA	NA	NA
59309	BEL	36.95	0.8997	NA	NA
59309	ESP	NA	NA	NA	NA
59309	PRT	NA	NA	NA	NA
59309	ROU	NA	NA	NA	NA
59310	BEL	150.43	17.1724	NA	NA
59310	DEU	NA	NA	NA	NA
59310	ESP	NA	NA	NA	NA
59310	ITA	4.08	0.4658	NA	NA
59310	PRT	NA	NA	NA	NA
59312	BEL	NA	NA	NA	NA
59312	POL	NA	NA	NA	NA
59313	ESP	NA	NA	NA	NA
59313	ITA	NA	NA	NA	NA
59314	BEL	NA	NA	NA	NA
59314	ESP	NA	NA	NA	NA
59314	ITA	4.75	0.1331	NA	NA
59314	PRT	NA	NA	NA	NA
59315	BEL	59	6.4622	NA	NA
59315	ITA	NA	NA	NA	NA
59315	PRT	NA	NA	NA	NA
59316	BEL	4.08	0.1227	NA	NA
59316	ESP	NA	NA	NA	NA
59316	ITA	4.89	0.1471	NA	NA
59316	NLD	NA	NA	NA	NA
59316	PRT	3.95	0.1188	NA	NA
59316	ROU	NA	NA	NA	NA
59317	BEL	39.62	0.4959	41.13	0.527
59317	ESP	6.15	0.077	6.04	0.0774
59317	ITA	8.11	0.1015	NA	NA
59317	PRT	38.82	0.4859	37.22	0.4769
59317	ROU	NA	NA	NA	NA
59318	BEL	NA	NA	NA	NA
59319	BEL	7.09	0.2101	NA	NA
59319	ITA	4.05	0.12	NA	NA
59319	PRT	NA	NA	NA	NA
59320	BEL	NA	NA	NA	NA
59320	NLD	NA	NA	NA	NA
59321	BEL	NA	NA	NA	NA
59321	ESP	NA	NA	NA	NA
59321	ITA	NA	NA	NA	NA
59321	PRT	4	0.626	NA	NA
59322	BEL	5.03	0.1491	NA	NA
59322	BGR	NA	NA	NA	NA
59322	PRT	8.02	0.2377	NA	NA
59322	ROU	NA	NA	NA	NA
59323	BEL	4.01	0.3384	NA	NA
59323	ITA	NA	NA	NA	NA
59323	ROU	NA	NA	NA	NA
59324	BEL	361.24	3.4625	384.08	3.7807
59324	ESP	8	0.0767	9.15	0.0901
59324	ITA	59.96	0.5747	73.39	0.7224
59324	POL	NA	NA	2	0.0197
59324	PRT	NA	NA	4.13	0.0407
59325	BEL	3.89	0.4461	NA	NA
59325	PRT	NA	NA	NA	NA
59326	BEL	4.1	0.3411	NA	NA
59327	BEL	3.97	0.0632	4	0.0642
59327	ITA	32.45	0.5162	33	0.5296
59327	POL	4.03	0.0641	4	0.0642
59327	PRT	NA	NA	2	0.0321
59327	ROU	NA	NA	NA	NA
59328	BEL	76.14	0.2762	55.15	0.1994
59328	DEU	34.11	0.1238	31.07	0.1124
59328	ESP	23.64	0.0858	23.61	0.0854
59328	ITA	39.53	0.1434	42.83	0.1549
59328	NLD	19.81	0.0719	19.6	0.0709
59328	POL	NA	NA	2	0.0072
59328	PRT	13.8	0.0501	11	0.0398
59328	ROU	NA	NA	6.5	0.0235
59329	BEL	NA	NA	NA	NA
59329	DEU	4	0.0798	4.04	0.0789
59329	ITA	5	0.0998	NA	NA
59329	POL	NA	NA	NA	NA
59330	BEL	11.18	0.4494	NA	NA
59330	NLD	NA	NA	NA	NA
59330	PRT	NA	NA	NA	NA
59331	BEL	4.99	0.1418	NA	NA
59331	BGR	NA	NA	NA	NA
59331	ESP	NA	NA	NA	NA
59331	POL	NA	NA	NA	NA
59332	BEL	9.96	0.5509	NA	NA
59332	ITA	NA	NA	NA	NA
59332	POL	NA	NA	NA	NA
59332	PRT	7	0.3872	NA	NA
59332	ROU	3.98	0.2201	NA	NA
59334	BEL	NA	NA	NA	NA
59334	NLD	NA	NA	NA	NA
59335	BEL	29.58	0.9651	NA	NA
59335	BGR	NA	NA	NA	NA
59335	DEU	NA	NA	NA	NA
59335	ITA	NA	NA	NA	NA
59335	POL	NA	NA	NA	NA
59335	PRT	6.09	0.1987	NA	NA
59336	ITA	NA	NA	NA	NA
59336	PRT	NA	NA	NA	NA
59337	BEL	NA	NA	NA	NA
59338	BEL	3.91	0.6034	NA	NA
59338	ITA	NA	NA	NA	NA
59338	NLD	NA	NA	NA	NA
59338	PRT	NA	NA	NA	NA
59339	BEL	49.96	0.5168	48.97	0.517
59339	ESP	6.03	0.0624	5.95	0.0629
59339	ITA	65.79	0.6805	66.26	0.6995
59339	NLD	NA	NA	NA	NA
59339	POL	NA	NA	2	0.0211
59339	PRT	62.24	0.6438	63.98	0.6754
59340	BEL	12.32	0.2919	NA	NA
59340	DEU	NA	NA	NA	NA
59340	ESP	NA	NA	NA	NA
59340	POL	NA	NA	NA	NA
59340	PRT	6.15	0.1457	NA	NA
59340	ROU	NA	NA	NA	NA
59342	BEL	10.71	4.5966	NA	NA
59342	ITA	NA	NA	NA	NA
59343	BEL	12.15	0.1303	13	0.1574
59343	DEU	6.08	0.0652	6	0.0726
59343	ESP	4.03	0.0432	4	0.0484
59343	ITA	10.12	0.1085	10	0.1211
59343	NLD	NA	NA	NA	NA
59343	POL	5.06	0.0542	NA	NA
59343	PRT	20.24	0.217	20	0.2422
59344	BEL	11.51	0.4598	NA	NA
59344	ITA	NA	NA	NA	NA
59344	POL	NA	NA	NA	NA
59344	PRT	7	0.2797	NA	NA
59344	ROU	NA	NA	NA	NA
59345	BEL	NA	NA	NA	NA
59345	ITA	NA	NA	NA	NA
59345	ROU	NA	NA	NA	NA
59346	BEL	5.04	0.1659	NA	NA
59346	DEU	4.99	0.1643	NA	NA
59346	ESP	3.9	0.1284	NA	NA
59346	ITA	NA	NA	NA	NA
59346	POL	NA	NA	NA	NA
59346	PRT	6	0.1975	NA	NA
59346	ROU	7.67	0.2525	NA	NA
59347	BEL	28.91	5.2852	NA	NA
59348	BEL	NA	NA	NA	NA
59348	ITA	NA	NA	NA	NA
59349	BEL	NA	NA	NA	NA
59349	ITA	NA	NA	NA	NA
59349	PRT	34.04	1.772	NA	NA
59350	BEL	501.26	0.2101	550.56	0.2365
59350	BGR	71.07	0.0298	78.53	0.0337
59350	DEU	162.29	0.068	169.36	0.0728
59350	ESP	574.76	0.2409	612.04	0.2629
59350	ITA	569.61	0.2388	553.15	0.2376
59350	NLD	105.17	0.0441	91.88	0.0395
59350	POL	124.82	0.0523	138.46	0.0595
59350	PRT	375.34	0.1573	489.15	0.2101
59350	ROU	328.52	0.1377	360.19	0.1547
59351	BEL	NA	NA	NA	NA
59352	BEL	28.65	0.3459	31.92	0.3813
59352	DEU	NA	NA	2	0.0239
59352	ESP	22.11	0.267	23.1	0.2759
59352	ITA	9.95	0.1201	10.94	0.1307
59352	NLD	5.97	0.0721	5.99	0.0715
59352	PRT	31.08	0.3753	33.09	0.3953
59352	ROU	4.09	0.0494	NA	NA
59353	BEL	NA	NA	NA	NA
59354	ROU	NA	NA	NA	NA
59356	BEL	6	0.2694	NA	NA
59356	DEU	4	0.1796	NA	NA
59356	ITA	NA	NA	NA	NA
59356	POL	NA	NA	NA	NA
59356	PRT	4	0.1796	NA	NA
59356	ROU	7	0.3143	NA	NA
59357	BEL	77.28	3.6941	NA	NA
59357	ITA	NA	NA	NA	NA
59357	POL	NA	NA	NA	NA
59357	PRT	7.13	0.3408	NA	NA
59358	BEL	NA	NA	NA	NA
59358	NLD	NA	NA	NA	NA
59359	BEL	4.11	0.0673	5.09	0.0822
59359	DEU	NA	NA	2	0.0323
59359	ITA	7.09	0.1161	9.07	0.1464
59359	NLD	NA	NA	NA	NA
59359	PRT	6.84	0.112	9.84	0.1589
59360	BEL	36.01	0.1547	22.44	0.1009
59360	BGR	NA	NA	NA	NA
59360	DEU	NA	NA	11.57	0.0521
59360	ESP	19.58	0.0841	13.2	0.0594
59360	ITA	33.2	0.1427	41.49	0.1866
59360	NLD	NA	NA	2	0.009
59360	POL	NA	NA	NA	NA
59360	PRT	78.11	0.3357	71.84	0.3231
59360	ROU	4.79	0.0206	17.06	0.0767
59361	BEL	6.15	0.1603	NA	NA
59361	ESP	NA	NA	NA	NA
59361	ITA	15.65	0.4079	NA	NA
59361	PRT	NA	NA	NA	NA
59361	ROU	NA	NA	NA	NA
59363	BEL	5.13	0.5522	NA	NA
59363	ITA	NA	NA	NA	NA
59363	PRT	NA	NA	NA	NA
59364	BEL	4	0.441	NA	NA
59364	DEU	NA	NA	NA	NA
59364	ITA	NA	NA	NA	NA
59365	BEL	22.18	0.3467	23	0.3549
59365	BGR	4.98	0.0778	NA	NA
59365	DEU	NA	NA	2	0.0309
59365	ESP	NA	NA	2	0.0309
59365	ITA	7.12	0.1113	9.05	0.1396
59365	NLD	NA	NA	NA	NA
59365	PRT	7.04	0.1101	9.01	0.139
59365	ROU	10.95	0.1712	NA	NA
59366	PRT	NA	NA	NA	NA
59367	BEL	48.78	0.3502	48.3	0.3599
59367	ESP	10.22	0.0734	2	0.0149
59367	ITA	86.69	0.6224	96.85	0.7216
59367	PRT	121.55	0.8726	118.02	0.8793
59367	ROU	11.14	0.08	NA	NA
59368	BEL	90.76	0.4004	84.31	0.3982
59368	BGR	11.08	0.0489	NA	NA
59368	DEU	20.28	0.0895	20.58	0.0972
59368	ESP	26.83	0.1184	24.04	0.1135
59368	ITA	91.79	0.405	85.17	0.4023
59368	NLD	NA	NA	2	0.0094
59368	POL	NA	NA	2	0.0094
59368	PRT	88.06	0.3885	80.23	0.3789
59368	ROU	17.14	0.0756	21.39	0.101
59369	BEL	9.93	0.2449	NA	NA
59369	ESP	NA	NA	NA	NA
59369	ITA	6.76	0.1667	NA	NA
59369	ROU	4.3	0.1061	NA	NA
59370	BEL	56	7.8873	NA	NA
59370	ESP	NA	NA	NA	NA
59370	ITA	NA	NA	NA	NA
59370	PRT	NA	NA	NA	NA
59371	BEL	3.76	0.5848	NA	NA
59371	ESP	NA	NA	NA	NA
59372	POL	NA	NA	NA	NA
59372	PRT	7.1	1.473	NA	NA
59375	BEL	5.94	0.1291	NA	NA
59375	DEU	NA	NA	NA	NA
59375	ESP	NA	NA	NA	NA
59375	ITA	NA	NA	NA	NA
59375	POL	NA	NA	NA	NA
59375	PRT	NA	NA	NA	NA
59375	ROU	NA	NA	NA	NA
59377	BEL	NA	NA	NA	NA
59377	ITA	NA	NA	NA	NA
59378	BEL	95.41	0.2383	90.29	0.2338
59378	BGR	9.94	0.0248	NA	NA
59378	DEU	26.33	0.0658	26.75	0.0693
59378	ESP	98.05	0.2449	75.84	0.1964
59378	ITA	61.5	0.1536	68.23	0.1767
59378	NLD	10.99	0.0274	10.95	0.0284
59378	POL	25.15	0.0628	27.44	0.0711
59378	PRT	113.27	0.2829	116.38	0.3014
59378	ROU	27.2	0.0679	37.1	0.0961
59379	ITA	NA	NA	NA	NA
59379	ROU	NA	NA	NA	NA
59381	BEL	4	0.4831	NA	NA
59381	ITA	4	0.4831	NA	NA
59382	BEL	NA	NA	NA	NA
59382	DEU	NA	NA	NA	NA
59382	ITA	NA	NA	NA	NA
59382	PRT	21.85	1.528	NA	NA
59383	BEL	17.16	0.1413	32.56	0.2746
59383	DEU	NA	NA	2	0.0169
59383	ESP	NA	NA	2	0.0169
59383	ITA	39.18	0.3226	67.85	0.5723
59383	NLD	NA	NA	2	0.0169
59383	POL	NA	NA	NA	NA
59383	PRT	20.1	0.1655	20.16	0.1701
59383	ROU	9.08	0.0748	NA	NA
59384	BEL	NA	NA	NA	NA
59384	ESP	NA	NA	NA	NA
59384	ITA	NA	NA	NA	NA
59385	BEL	86	3.2138	NA	NA
59385	ESP	NA	NA	NA	NA
59385	ITA	14	0.5232	NA	NA
59385	POL	NA	NA	NA	NA
59385	ROU	NA	NA	NA	NA
59386	BEL	15.88	0.1408	8.65	0.0833
59386	ESP	NA	NA	2	0.0193
59386	ITA	NA	NA	NA	NA
59386	POL	NA	NA	NA	NA
59386	PRT	34.84	0.3089	23.98	0.2311
59386	ROU	NA	NA	NA	NA
59387	BEL	NA	NA	NA	NA
59387	DEU	NA	NA	NA	NA
59387	ESP	NA	NA	NA	NA
59387	ITA	NA	NA	NA	NA
59387	PRT	NA	NA	NA	NA
59388	BEL	NA	NA	NA	NA
59388	PRT	NA	NA	NA	NA
59389	BEL	NA	NA	NA	NA
59389	ESP	NA	NA	NA	NA
59389	ITA	NA	NA	NA	NA
59389	POL	NA	NA	NA	NA
59389	PRT	11.94	0.4263	NA	NA
59390	BEL	NA	NA	NA	NA
59390	DEU	NA	NA	NA	NA
59390	ESP	NA	NA	NA	NA
59390	ITA	32.47	0.7952	NA	NA
59390	POL	NA	NA	NA	NA
59390	PRT	NA	NA	NA	NA
59390	ROU	8.41	0.206	NA	NA
59391	ITA	NA	NA	NA	NA
59391	PRT	NA	NA	NA	NA
59392	BEL	287.49	0.9797	337.02	1.1255
59392	DEU	NA	NA	2	0.0067
59392	ESP	20.61	0.0702	24.97	0.0834
59392	ITA	91.29	0.3111	115.53	0.3858
59392	NLD	NA	NA	13.46	0.045
59392	POL	13.3	0.0453	NA	NA
59392	PRT	41.81	0.1425	43.22	0.1443
59392	ROU	42.5	0.1448	NA	NA
59393	BEL	32.94	3.3139	NA	NA
59393	ESP	NA	NA	NA	NA
59393	ITA	NA	NA	NA	NA
59393	PRT	NA	NA	NA	NA
59395	BEL	NA	NA	NA	NA
59396	BEL	25.56	3.5698	NA	NA
59396	ITA	NA	NA	NA	NA
59397	BEL	NA	NA	NA	NA
59398	BEL	7.24	0.2069	NA	NA
59398	BGR	NA	NA	NA	NA
59398	DEU	NA	NA	NA	NA
59398	ITA	NA	NA	NA	NA
59398	NLD	NA	NA	NA	NA
59398	POL	NA	NA	NA	NA
59398	PRT	NA	NA	NA	NA
59399	BEL	NA	NA	NA	NA
59399	ITA	NA	NA	NA	NA
59400	BEL	10.22	0.1049	10.1	0.1039
59400	BGR	NA	NA	NA	NA
59400	ESP	NA	NA	NA	NA
59400	ITA	NA	NA	NA	NA
59400	PRT	3.97	0.0408	5.97	0.0614
59401	BEL	6.96	0.3043	NA	NA
59401	DEU	NA	NA	NA	NA
59401	ITA	NA	NA	NA	NA
59401	PRT	NA	NA	NA	NA
59401	ROU	NA	NA	NA	NA
59403	BEL	3.8	0.5292	NA	NA
59403	DEU	NA	NA	NA	NA
59403	PRT	NA	NA	NA	NA
59403	ROU	NA	NA	NA	NA
59405	BEL	NA	NA	NA	NA
59405	POL	NA	NA	NA	NA
59407	BEL	NA	NA	NA	NA
59408	BEL	NA	NA	NA	NA
59408	DEU	NA	NA	NA	NA
59408	ITA	NA	NA	NA	NA
59409	BEL	NA	NA	NA	NA
59409	ITA	NA	NA	NA	NA
59409	POL	NA	NA	NA	NA
59409	PRT	NA	NA	NA	NA
59410	BEL	38.15	0.1766	32.8	0.1578
59410	BGR	NA	NA	NA	NA
59410	DEU	NA	NA	2	0.0096
59410	ESP	14.13	0.0654	2	0.0096
59410	ITA	28.28	0.1309	39.55	0.1903
59410	NLD	NA	NA	5.57	0.0268
59410	POL	11.37	0.0526	13.23	0.0637
59410	PRT	38.52	0.1783	51.47	0.2477
59410	ROU	21.75	0.1007	25.95	0.1249
59411	BEL	4	0.1881	NA	NA
59411	DEU	NA	NA	NA	NA
59411	ESP	NA	NA	NA	NA
59411	NLD	NA	NA	NA	NA
59411	PRT	5	0.2351	NA	NA
59411	ROU	NA	NA	NA	NA
59413	ESP	NA	NA	NA	NA
59414	BEL	NA	NA	NA	NA
59414	ESP	NA	NA	NA	NA
59414	ITA	47.86	1.0108	NA	NA
59414	NLD	NA	NA	NA	NA
59414	POL	10.17	0.2148	NA	NA
59416	BEL	5.02	0.1968	NA	NA
59416	ITA	NA	NA	NA	NA
59418	BEL	53.7	3.3752	NA	NA
59418	ITA	NA	NA	NA	NA
59418	POL	NA	NA	NA	NA
59418	PRT	5.93	0.3727	NA	NA
59419	BEL	18.35	1.2551	NA	NA
59419	ITA	NA	NA	NA	NA
59419	POL	NA	NA	NA	NA
59419	PRT	NA	NA	NA	NA
59420	BEL	18	29.0323	NA	NA
59421	BEL	34.52	0.2583	30.84	0.2345
59421	DEU	NA	NA	7.31	0.0556
59421	ESP	NA	NA	8.28	0.063
59421	ITA	28.2	0.211	34.3	0.2608
59421	POL	15.45	0.1156	NA	NA
59421	PRT	49.08	0.3673	67.35	0.5121
59422	BEL	5	0.7837	NA	NA
59423	BEL	NA	NA	NA	NA
59423	ESP	NA	NA	NA	NA
59423	NLD	NA	NA	NA	NA
59423	PRT	NA	NA	NA	NA
59424	BEL	NA	NA	NA	NA
59424	ITA	NA	NA	NA	NA
59424	PRT	4.1	0.3127	NA	NA
59425	BEL	NA	NA	NA	NA
59425	PRT	NA	NA	NA	NA
59426	BEL	58.51	0.5721	73.51	0.7148
59426	ESP	NA	NA	2	0.0194
59426	ITA	34.93	0.3415	31.59	0.3072
59426	POL	NA	NA	2	0.0194
59426	PRT	53.88	0.5268	61.31	0.5962
59427	BEL	NA	NA	NA	NA
59428	BEL	NA	NA	NA	NA
59428	ESP	NA	NA	NA	NA
59428	ITA	NA	NA	NA	NA
59428	POL	NA	NA	NA	NA
59428	PRT	29.21	0.7393	NA	NA
59428	ROU	NA	NA	NA	NA
59429	BEL	NA	NA	NA	NA
59429	ESP	NA	NA	NA	NA
59429	ITA	8.04	0.2901	NA	NA
59429	POL	NA	NA	NA	NA
59429	PRT	NA	NA	NA	NA
59430	DEU	NA	NA	NA	NA
59430	PRT	NA	NA	NA	NA
59431	BEL	38.83	0.5052	40.91	0.5472
59431	DEU	NA	NA	NA	NA
59431	ESP	NA	NA	NA	NA
59431	ITA	NA	NA	3.06	0.0409
59431	PRT	29.59	0.385	30.48	0.4077
59432	ESP	NA	NA	NA	NA
59432	PRT	NA	NA	NA	NA
59434	BEL	19.29	1.3808	NA	NA
59434	ITA	NA	NA	NA	NA
59434	NLD	NA	NA	NA	NA
59434	POL	NA	NA	NA	NA
59435	BEL	16.2	0.6181	NA	NA
59435	POL	4.02	0.1534	NA	NA
59435	PRT	NA	NA	NA	NA
59435	ROU	NA	NA	NA	NA
59436	BEL	NA	NA	NA	NA
59436	DEU	NA	NA	NA	NA
59436	POL	NA	NA	NA	NA
59436	PRT	NA	NA	NA	NA
59437	DEU	NA	NA	NA	NA
59438	ESP	NA	NA	NA	NA
59438	ITA	NA	NA	NA	NA
59439	BEL	NA	NA	NA	NA
59439	ITA	NA	NA	NA	NA
59439	PRT	NA	NA	NA	NA
59440	BEL	NA	NA	NA	NA
59440	ESP	NA	NA	NA	NA
59440	PRT	NA	NA	NA	NA
59440	ROU	NA	NA	NA	NA
59441	BEL	11.62	1.774	NA	NA
59441	NLD	NA	NA	NA	NA
59441	PRT	NA	NA	NA	NA
59442	BEL	4	1.4337	NA	NA
59442	ITA	NA	NA	NA	NA
59443	POL	NA	NA	NA	NA
59444	BEL	6	0.641	NA	NA
59445	BEL	66.15	5.4851	NA	NA
59445	DEU	NA	NA	NA	NA
59445	ESP	NA	NA	NA	NA
59446	BEL	4.16	0.596	NA	NA
59446	ITA	NA	NA	NA	NA
59446	PRT	NA	NA	NA	NA
59446	ROU	NA	NA	NA	NA
59447	BEL	43.91	0.4998	43.01	0.4889
59447	ESP	NA	NA	3	0.0341
59447	ITA	16.06	0.1828	20.07	0.2282
59447	POL	7.88	0.0897	NA	NA
59447	PRT	25.67	0.2922	NA	NA
59447	ROU	NA	NA	NA	NA
59448	BEL	4	0.8386	NA	NA
59449	BEL	36	0.4188	37.47	0.4244
59449	DEU	NA	NA	2	0.0227
59449	ESP	NA	NA	2	0.0227
59449	ITA	12	0.1396	12.15	0.1376
59449	PRT	NA	NA	3.04	0.0344
59449	ROU	NA	NA	NA	NA
59450	BEL	NA	NA	NA	NA
59451	BEL	6.94	1.2218	NA	NA
59451	ESP	NA	NA	NA	NA
59451	ITA	NA	NA	NA	NA
59451	NLD	NA	NA	NA	NA
59452	BEL	NA	NA	NA	NA
59452	ESP	NA	NA	NA	NA
59452	ITA	3.82	0.0652	NA	NA
59452	NLD	NA	NA	NA	NA
59452	POL	5.8	0.099	NA	NA
59452	PRT	6.7	0.1144	4.1	0.0762
59452	ROU	NA	NA	NA	NA
59453	BEL	NA	NA	NA	NA
59453	ROU	NA	NA	NA	NA
59454	DEU	NA	NA	NA	NA
59455	BEL	NA	NA	NA	NA
59455	PRT	5.11	0.4971	NA	NA
59456	BEL	7.22	0.1111	7.05	0.1173
59456	DEU	NA	NA	NA	NA
59456	ESP	NA	NA	3.03	0.0504
59456	ITA	19.01	0.2926	24.39	0.4058
59456	POL	6.31	0.0971	NA	NA
59456	PRT	NA	NA	2	0.0333
59457	BEL	10.28	0.1198	10.2	0.1211
59457	ESP	8.28	0.0965	8.2	0.0973
59457	ITA	26.04	0.3034	26.76	0.3176
59457	NLD	NA	NA	2	0.0237
59457	POL	NA	NA	NA	NA
59457	PRT	56.67	0.6603	59.29	0.7038
59458	BEL	5.36	0.5224	NA	NA
59458	ESP	NA	NA	NA	NA
59458	ITA	NA	NA	NA	NA
59458	NLD	NA	NA	NA	NA
59458	POL	NA	NA	NA	NA
59459	BEL	6.3	0.1236	NA	NA
59459	ESP	NA	NA	NA	NA
59459	ITA	17.73	0.3479	NA	NA
59459	PRT	NA	NA	NA	NA
59459	ROU	NA	NA	NA	NA
59461	NLD	NA	NA	NA	NA
59462	BEL	4.97	0.1014	NA	NA
59462	ESP	NA	NA	NA	NA
59462	ITA	7.95	0.1623	NA	NA
59462	POL	NA	NA	NA	NA
59462	PRT	7.99	0.1631	NA	NA
59462	ROU	6.03	0.1231	NA	NA
59463	BEL	NA	NA	NA	NA
59463	ITA	NA	NA	NA	NA
59463	PRT	NA	NA	NA	NA
59464	BEL	NA	NA	NA	NA
59464	ITA	NA	NA	NA	NA
59464	PRT	NA	NA	NA	NA
59464	ROU	NA	NA	NA	NA
59465	BEL	NA	NA	NA	NA
59466	BEL	8	0.2693	NA	NA
59466	ESP	NA	NA	NA	NA
59466	ITA	5	0.1683	NA	NA
59466	NLD	NA	NA	NA	NA
59466	POL	NA	NA	NA	NA
59466	PRT	NA	NA	NA	NA
59466	ROU	NA	NA	NA	NA
59467	BEL	10	0.4103	NA	NA
59467	DEU	NA	NA	NA	NA
59467	ITA	NA	NA	NA	NA
59467	NLD	NA	NA	NA	NA
59467	PRT	14	0.5745	NA	NA
59468	BEL	NA	NA	NA	NA
59469	PRT	NA	NA	NA	NA
59470	BEL	NA	NA	NA	NA
59470	ITA	NA	NA	NA	NA
59470	PRT	4.79	0.2291	NA	NA
59471	BEL	5.3	0.2541	NA	NA
59471	DEU	NA	NA	NA	NA
59471	ITA	4.23	0.2028	NA	NA
59471	PRT	NA	NA	NA	NA
59472	BEL	NA	NA	NA	NA
59473	BEL	8.63	2.7929	NA	NA
59474	BEL	8.04	0.7563	NA	NA
59475	BEL	NA	NA	NA	NA
59475	ITA	NA	NA	NA	NA
59475	PRT	NA	NA	NA	NA
59476	BEL	6.97	0.219	NA	NA
59476	ESP	NA	NA	NA	NA
59476	POL	NA	NA	NA	NA
59476	PRT	14.83	0.4661	NA	NA
59476	ROU	NA	NA	NA	NA
59477	BEL	NA	NA	NA	NA
59477	ITA	NA	NA	NA	NA
59477	POL	NA	NA	NA	NA
59477	PRT	7	0.1551	NA	NA
59477	ROU	NA	NA	NA	NA
59478	BEL	NA	NA	NA	NA
59478	POL	NA	NA	NA	NA
59479	BEL	35	1.1079	NA	NA
59479	DEU	NA	NA	NA	NA
59479	ITA	7	0.2216	NA	NA
59479	NLD	NA	NA	NA	NA
59479	POL	NA	NA	NA	NA
59479	PRT	6	0.1899	NA	NA
59480	BEL	7.46	0.8565	NA	NA
59480	ESP	NA	NA	NA	NA
59480	PRT	NA	NA	NA	NA
59480	ROU	NA	NA	NA	NA
59481	BEL	13.98	0.2813	NA	NA
59481	DEU	NA	NA	NA	NA
59481	ESP	NA	NA	NA	NA
59481	ITA	NA	NA	NA	NA
59481	PRT	4	0.0805	NA	NA
59481	ROU	NA	NA	NA	NA
59482	BEL	26.88	0.3852	27.73	0.4103
59482	BGR	NA	NA	NA	NA
59482	ESP	6.41	0.0918	6.29	0.0931
59482	ITA	10.66	0.1527	10.47	0.155
59482	PRT	9.37	0.1343	9.28	0.1373
59483	BEL	7.05	5.0719	NA	NA
59484	BEL	110.89	1.774	122.01	1.9166
59484	DEU	4.97	0.0795	4.98	0.0782
59484	ESP	8	0.128	10.01	0.1573
59484	ITA	30.07	0.481	30.06	0.4723
59484	POL	5.02	0.0803	NA	NA
59484	PRT	7.99	0.1278	8	0.1257
59484	ROU	NA	NA	NA	NA
59485	BEL	4.01	0.2202	NA	NA
59485	NLD	NA	NA	NA	NA
59485	POL	NA	NA	NA	NA
59486	BEL	6	0.2221	NA	NA
59486	DEU	NA	NA	NA	NA
59486	ESP	NA	NA	NA	NA
59486	PRT	NA	NA	NA	NA
59487	BEL	NA	NA	NA	NA
59487	PRT	NA	NA	NA	NA
59488	BEL	NA	NA	NA	NA
59488	ITA	NA	NA	NA	NA
59488	PRT	9	0.4153	NA	NA
59488	ROU	NA	NA	NA	NA
59489	BEL	NA	NA	NA	NA
59489	DEU	NA	NA	NA	NA
59489	ESP	NA	NA	NA	NA
59489	ITA	5	0.1229	NA	NA
59489	POL	5	0.1229	NA	NA
59489	PRT	NA	NA	NA	NA
59489	ROU	NA	NA	NA	NA
59490	BEL	4.72	2.4974	NA	NA
59490	PRT	NA	NA	NA	NA
59491	BEL	19.83	0.1638	32.38	0.2573
59491	BGR	NA	NA	NA	NA
59491	ESP	20.53	0.1696	20.56	0.1634
59491	ITA	43.81	0.3618	54.15	0.4302
59491	POL	NA	NA	NA	NA
59491	PRT	22.24	0.1837	30.46	0.242
59491	ROU	14.26	0.1178	NA	NA
59492	PRT	5.08	0.8425	NA	NA
59494	BEL	NA	NA	NA	NA
59495	BEL	33.58	1.3785	NA	NA
59495	ITA	NA	NA	NA	NA
59495	POL	NA	NA	NA	NA
59495	PRT	NA	NA	NA	NA
59496	BEL	NA	NA	NA	NA
59497	BEL	NA	NA	NA	NA
59497	PRT	NA	NA	NA	NA
59497	ROU	NA	NA	NA	NA
59499	BEL	14.92	0.7379	NA	NA
59499	PRT	NA	NA	NA	NA
59500	PRT	NA	NA	NA	NA
59501	BEL	NA	NA	NA	NA
59501	POL	NA	NA	NA	NA
59501	PRT	3.92	0.3091	NA	NA
59502	PRT	NA	NA	NA	NA
59504	BEL	NA	NA	NA	NA
59504	ESP	NA	NA	NA	NA
59504	ITA	13	0.3425	NA	NA
59504	POL	NA	NA	NA	NA
59505	BEL	16.13	2.1308	NA	NA
59505	ITA	NA	NA	NA	NA
59505	PRT	NA	NA	NA	NA
59506	BEL	NA	NA	NA	NA
59507	BEL	30.51	0.1559	37.5	0.1951
59507	DEU	NA	NA	15.04	0.0783
59507	ESP	11.27	0.0576	21.54	0.1121
59507	ITA	21.5	0.1098	27.39	0.1425
59507	NLD	NA	NA	2	0.0104
59507	POL	15.65	0.08	NA	NA
59507	PRT	12.43	0.0635	10.01	0.0521
59507	ROU	35.4	0.1809	79.61	0.4142
59508	BEL	75.72	0.5449	75.84	0.5665
59508	BGR	NA	NA	NA	NA
59508	ESP	23.05	0.1659	25.04	0.187
59508	ITA	35.12	0.2527	46.53	0.3475
59508	NLD	NA	NA	2	0.0149
59508	POL	NA	NA	NA	NA
59508	PRT	76.48	0.5503	80	0.5975
59508	ROU	NA	NA	NA	NA
59509	BEL	7	0.1161	7.06	0.1149
59509	ESP	NA	NA	NA	NA
59509	ITA	27	0.448	29.56	0.4814
59509	POL	6	0.0996	6.38	0.1039
59509	PRT	NA	NA	NA	NA
59511	BEL	6.39	0.3182	NA	NA
59511	ESP	NA	NA	NA	NA
59511	ITA	NA	NA	NA	NA
59511	NLD	NA	NA	NA	NA
59511	POL	NA	NA	NA	NA
59511	PRT	NA	NA	NA	NA
59512	BEL	161.76	0.1629	224.33	0.2313
59512	BGR	54.15	0.0545	NA	NA
59512	DEU	32.62	0.0328	35.66	0.0368
59512	ESP	171.16	0.1723	174.01	0.1794
59512	ITA	433.69	0.4367	494.69	0.51
59512	NLD	29.64	0.0298	42.13	0.0434
59512	POL	18.47	0.0186	48.17	0.0497
59512	PRT	1010.26	1.0172	1207.37	1.2448
59512	ROU	367.54	0.3701	618.86	0.6381
59513	ITA	NA	NA	NA	NA
59513	PRT	NA	NA	NA	NA
59514	BEL	39	0.9524	NA	NA
59514	ESP	5	0.1221	NA	NA
59514	ITA	7	0.1709	NA	NA
59514	POL	NA	NA	NA	NA
59514	PRT	5	0.1221	NA	NA
59515	PRT	NA	NA	NA	NA
59516	BEL	NA	NA	NA	NA
59517	BEL	NA	NA	NA	NA
59517	ITA	NA	NA	NA	NA
59518	ITA	NA	NA	NA	NA
59519	BEL	34	1.9177	NA	NA
59519	ITA	NA	NA	NA	NA
59519	PRT	NA	NA	NA	NA
59520	BEL	NA	NA	NA	NA
59520	PRT	14.06	0.9663	NA	NA
59521	BEL	NA	NA	NA	NA
59521	PRT	5	1.1628	NA	NA
59522	BEL	4.06	0.2042	NA	NA
59522	DEU	NA	NA	NA	NA
59522	ITA	9.14	0.4598	NA	NA
59522	NLD	NA	NA	NA	NA
59522	POL	NA	NA	NA	NA
59522	PRT	14.28	0.7183	NA	NA
59523	BEL	8.25	0.2859	NA	NA
59523	BGR	NA	NA	NA	NA
59523	DEU	NA	NA	NA	NA
59523	ESP	NA	NA	NA	NA
59523	NLD	NA	NA	NA	NA
59523	PRT	NA	NA	NA	NA
59524	BEL	4.08	0.0717	4	0.0716
59524	DEU	NA	NA	2	0.0358
59524	ESP	NA	NA	NA	NA
59524	ITA	NA	NA	NA	NA
59524	POL	NA	NA	NA	NA
59524	PRT	12.3	0.2161	13	0.2327
59525	BEL	12.9	0.4599	NA	NA
59525	ITA	NA	NA	NA	NA
59526	BEL	81.39	0.5037	91.86	0.5781
59526	DEU	NA	NA	9.42	0.0593
59526	ESP	6.54	0.0405	7.63	0.048
59526	ITA	72.45	0.4483	63.1	0.3971
59526	PRT	8.06	0.0499	10.09	0.0635
59526	ROU	11.77	0.0728	2	0.0126
59527	BEL	13.33	0.1021	9.64	0.0764
59527	DEU	NA	NA	2	0.0159
59527	ESP	16.91	0.1295	14.88	0.118
59527	ITA	23.19	0.1777	19.44	0.1542
59527	NLD	NA	NA	NA	NA
59527	POL	NA	NA	6.35	0.0504
59527	PRT	78.88	0.6043	84.98	0.674
59527	ROU	NA	NA	2	0.0159
59528	BEL	NA	NA	NA	NA
59528	ESP	NA	NA	NA	NA
59528	POL	NA	NA	NA	NA
59529	BEL	NA	NA	NA	NA
59529	DEU	NA	NA	NA	NA
59530	BEL	18	5.4054	NA	NA
59530	ITA	NA	NA	NA	NA
59531	BEL	NA	NA	NA	NA
59533	BEL	4.01	0.2551	NA	NA
59533	ESP	NA	NA	NA	NA
59533	ITA	NA	NA	NA	NA
59534	BEL	4.01	0.4872	NA	NA
59534	ITA	NA	NA	NA	NA
59534	NLD	NA	NA	NA	NA
59535	BEL	13.02	0.7709	NA	NA
59535	POL	NA	NA	NA	NA
59535	PRT	NA	NA	NA	NA
59536	BEL	NA	NA	NA	NA
59536	POL	NA	NA	NA	NA
59537	BEL	NA	NA	NA	NA
59537	PRT	NA	NA	NA	NA
59537	ROU	NA	NA	NA	NA
59539	BEL	NA	NA	NA	NA
59541	PRT	NA	NA	NA	NA
59542	BEL	NA	NA	NA	NA
59543	BEL	7.13	0.6596	NA	NA
59543	ESP	NA	NA	NA	NA
59543	NLD	NA	NA	NA	NA
59543	PRT	NA	NA	NA	NA
59544	BEL	64.49	0.5723	66.17	0.5905
59544	BGR	NA	NA	NA	NA
59544	DEU	NA	NA	8.38	0.0748
59544	ESP	9.35	0.083	10.34	0.0923
59544	ITA	26.72	0.2371	36.06	0.3217
59544	POL	13.08	0.1161	NA	NA
59544	PRT	10.97	0.0974	11.37	0.1015
59544	ROU	NA	NA	2	0.0178
59545	BEL	NA	NA	NA	NA
59545	PRT	NA	NA	NA	NA
59546	BEL	NA	NA	NA	NA
59546	ITA	NA	NA	NA	NA
59546	PRT	NA	NA	NA	NA
59548	BEL	22.05	3.3009	NA	NA
59548	DEU	NA	NA	NA	NA
59548	ITA	NA	NA	NA	NA
59549	BEL	NA	NA	NA	NA
59550	NLD	NA	NA	NA	NA
59550	PRT	NA	NA	NA	NA
59551	BEL	10.19	0.5783	NA	NA
59553	BEL	8.41	0.147	9.22	0.1611
59553	ESP	4	0.0699	NA	NA
59553	ITA	8.52	0.149	8.24	0.1439
59553	NLD	NA	NA	2	0.0349
59553	PRT	NA	NA	NA	NA
59553	ROU	6.87	0.1201	6.3	0.11
59554	BEL	NA	NA	NA	NA
59554	ITA	NA	NA	NA	NA
59555	BEL	28.56	1.9916	NA	NA
59555	PRT	NA	NA	NA	NA
59555	ROU	NA	NA	NA	NA
59557	BEL	12.85	0.4973	NA	NA
59557	DEU	4.3	0.1664	NA	NA
59557	ESP	NA	NA	NA	NA
59557	ITA	5.37	0.2078	NA	NA
59557	NLD	NA	NA	NA	NA
59557	POL	NA	NA	NA	NA
59557	PRT	NA	NA	NA	NA
59558	BEL	NA	NA	NA	NA
59558	POL	NA	NA	NA	NA
59558	PRT	NA	NA	NA	NA
59558	ROU	3.97	0.2339	NA	NA
59559	BEL	25.49	1.2625	NA	NA
59559	ESP	NA	NA	NA	NA
59559	ITA	NA	NA	NA	NA
59559	NLD	NA	NA	NA	NA
59559	PRT	NA	NA	NA	NA
59560	BEL	NA	NA	6.01	0.0484
59560	DEU	NA	NA	NA	NA
59560	ESP	NA	NA	10.08	0.0812
59560	ITA	13.33	0.1031	17.58	0.1416
59560	NLD	NA	NA	2	0.0161
59560	POL	NA	NA	NA	NA
59560	PRT	7.21	0.0558	10.35	0.0834
59560	ROU	19.74	0.1527	10.81	0.0871
59562	BEL	12.29	2.2759	NA	NA
59563	BEL	NA	NA	NA	NA
59564	BEL	4.02	0.1273	NA	NA
59564	ESP	NA	NA	NA	NA
59564	ITA	11.19	0.3542	NA	NA
59564	NLD	NA	NA	NA	NA
59564	PRT	5.06	0.1602	NA	NA
59565	BEL	NA	NA	NA	NA
59565	ITA	NA	NA	NA	NA
59566	BEL	9	0.1875	NA	NA
59566	BGR	NA	NA	NA	NA
59566	ITA	5	0.1042	NA	NA
59566	NLD	5	0.1042	NA	NA
59566	POL	NA	NA	NA	NA
59566	PRT	11	0.2292	NA	NA
59566	ROU	8	0.1667	NA	NA
59567	BEL	NA	NA	NA	NA
59567	DEU	NA	NA	NA	NA
59567	ESP	NA	NA	NA	NA
59567	PRT	NA	NA	NA	NA
59567	ROU	NA	NA	NA	NA
59569	BEL	20.99	0.1337	17.91	0.1142
59569	ESP	NA	NA	2	0.0128
59569	ITA	48.86	0.3111	54.11	0.345
59569	POL	19.99	0.1273	NA	NA
59569	PRT	NA	NA	2	0.0128
59569	ROU	11.86	0.0755	NA	NA
59570	BEL	NA	NA	NA	NA
59570	DEU	NA	NA	NA	NA
59571	BEL	NA	NA	NA	NA
59571	ESP	NA	NA	NA	NA
59571	ITA	NA	NA	NA	NA
59571	PRT	NA	NA	NA	NA
59572	BEL	82.85	4.613	NA	NA
59572	DEU	NA	NA	NA	NA
59572	ESP	NA	NA	NA	NA
59572	ITA	NA	NA	NA	NA
59572	NLD	NA	NA	NA	NA
59572	POL	NA	NA	NA	NA
59572	PRT	NA	NA	NA	NA
59573	BEL	17	11.6438	NA	NA
59574	BEL	24.01	0.2021	21.41	0.1762
59574	ESP	10.71	0.0901	10.74	0.0884
59574	ITA	25.94	0.2183	37.87	0.3116
59574	POL	NA	NA	NA	NA
59574	PRT	NA	NA	7.8	0.0642
59574	ROU	NA	NA	NA	NA
59575	BEL	NA	NA	NA	NA
59575	ITA	NA	NA	NA	NA
59575	NLD	NA	NA	NA	NA
59576	BEL	NA	NA	NA	NA
59576	ESP	NA	NA	NA	NA
59576	ITA	NA	NA	NA	NA
59576	ROU	NA	NA	NA	NA
59578	BEL	NA	NA	NA	NA
59579	BEL	NA	NA	NA	NA
59579	ITA	NA	NA	NA	NA
59580	BEL	21.58	0.4911	NA	NA
59580	DEU	NA	NA	NA	NA
59580	NLD	NA	NA	NA	NA
59580	PRT	NA	NA	NA	NA
59581	BEL	12.31	0.3423	NA	NA
59581	PRT	NA	NA	NA	NA
59582	BEL	NA	NA	NA	NA
59583	BEL	NA	NA	NA	NA
59583	ITA	NA	NA	NA	NA
59584	BEL	174.03	17.8676	NA	NA
59584	DEU	NA	NA	NA	NA
59584	ITA	6.01	0.617	NA	NA
59584	NLD	NA	NA	NA	NA
59585	BEL	4	0.109	NA	NA
59585	ITA	4	0.109	NA	NA
59585	NLD	NA	NA	NA	NA
59585	POL	NA	NA	NA	NA
59585	PRT	5	0.1362	NA	NA
59585	ROU	NA	NA	NA	NA
59586	BEL	16	0.2352	16.64	0.2746
59586	BGR	NA	NA	2.94	0.0485
59586	DEU	NA	NA	2	0.033
59586	ESP	4	0.0588	3.91	0.0646
59586	ITA	9	0.1323	9.81	0.1619
59586	NLD	NA	NA	2	0.033
59586	POL	NA	NA	NA	NA
59586	PRT	5	0.0735	4.89	0.0808
59587	BEL	NA	NA	NA	NA
59588	BEL	23	0.2672	22.07	0.2646
59588	DEU	NA	NA	2	0.024
59588	ITA	5	0.0581	5.02	0.0601
59588	POL	NA	NA	3.01	0.0361
59588	PRT	NA	NA	NA	NA
59588	ROU	6	0.0697	NA	NA
59589	BEL	NA	NA	NA	NA
59589	ITA	NA	NA	NA	NA
59589	PRT	NA	NA	NA	NA
59590	BEL	NA	NA	NA	NA
59591	BEL	9.02	1.0867	NA	NA
59591	ITA	NA	NA	NA	NA
59591	PRT	NA	NA	NA	NA
59592	BEL	8.67	0.2126	NA	NA
59592	POL	NA	NA	NA	NA
59592	PRT	NA	NA	NA	NA
59593	ITA	NA	NA	NA	NA
59593	PRT	NA	NA	NA	NA
59594	BEL	23	2.0481	NA	NA
59594	ITA	NA	NA	NA	NA
59594	POL	NA	NA	NA	NA
59594	PRT	4	0.3562	NA	NA
59595	BEL	NA	NA	NA	NA
59595	ITA	NA	NA	NA	NA
59595	PRT	NA	NA	NA	NA
59596	BEL	NA	NA	NA	NA
59596	PRT	NA	NA	NA	NA
59597	PRT	4.4	0.612	NA	NA
59597	ROU	NA	NA	NA	NA
59598	BEL	19	0.4816	NA	NA
59598	DEU	NA	NA	NA	NA
59598	ESP	NA	NA	NA	NA
59598	ITA	15	0.3802	NA	NA
59598	PRT	23	0.583	NA	NA
59599	BEL	319.49	0.3205	371.86	0.3819
59599	BGR	34.19	0.0343	30.96	0.0318
59599	DEU	19.09	0.0192	27.66	0.0284
59599	ESP	132.05	0.1325	149.02	0.15310000000000001
59599	ITA	387.77	0.389	400.58	0.4114
59599	NLD	21.57	0.0216	15.65	0.0161
59599	POL	48.56	0.0487	48.93	0.0502
59599	PRT	959.56	0.9627	1068.65	1.0975
59599	ROU	117.89	0.1183	158.54	0.1628
59600	BEL	NA	NA	NA	NA
59600	PRT	NA	NA	NA	NA
59601	BEL	47.35	1.7243	NA	NA
59601	ITA	5.04	0.1835	NA	NA
59601	NLD	NA	NA	NA	NA
59601	PRT	NA	NA	NA	NA
59601	ROU	NA	NA	NA	NA
59602	BEL	NA	NA	NA	NA
59602	DEU	NA	NA	NA	NA
59602	PRT	NA	NA	NA	NA
59603	BEL	4.01	0.0646	10.9	0.1754
59603	DEU	NA	NA	NA	NA
59603	ESP	NA	NA	4.01	0.0645
59603	ITA	17.59	0.2833	25.09	0.4037
59603	POL	6	0.0966	NA	NA
59603	PRT	NA	NA	2	0.0322
59604	BEL	NA	NA	NA	NA
59604	ITA	4	0.4896	NA	NA
59604	POL	NA	NA	NA	NA
59604	PRT	NA	NA	NA	NA
59605	BEL	4.57	0.2997	NA	NA
59605	NLD	NA	NA	NA	NA
59605	PRT	NA	NA	NA	NA
59606	BEL	147.82	0.3401	146.59	0.3383
59606	BGR	16.09	0.037	NA	NA
59606	DEU	9.47	0.0218	30.45	0.0703
59606	ESP	36.03	0.0829	48.87	0.1128
59606	ITA	152.57	0.351	180.09	0.4156
59606	NLD	NA	NA	8.41	0.0194
59606	POL	34.27	0.0788	29.65	0.0684
59606	PRT	58.98	0.1357	84.62	0.1953
59606	ROU	45.88	0.1056	46.63	0.1076
59607	PRT	NA	NA	NA	NA
59608	BEL	NA	NA	NA	NA
59608	ITA	NA	NA	NA	NA
59609	BEL	6	0.3827	NA	NA
59609	ITA	NA	NA	NA	NA
59609	PRT	NA	NA	NA	NA
59610	BEL	NA	NA	NA	NA
59610	DEU	NA	NA	NA	NA
59610	ITA	NA	NA	NA	NA
59611	BEL	4.21	0.1541	NA	NA
59611	DEU	NA	NA	NA	NA
59611	ESP	NA	NA	NA	NA
59611	ITA	4.15	0.1519	NA	NA
59611	POL	NA	NA	NA	NA
59611	PRT	5.34	0.1955	NA	NA
59612	BEL	NA	NA	NA	NA
59612	ITA	NA	NA	NA	NA
59613	BEL	26.02	1.7498	NA	NA
59613	ESP	NA	NA	NA	NA
59613	ITA	5.01	0.3369	NA	NA
59613	PRT	8.01	0.5387	NA	NA
59614	BEL	NA	NA	NA	NA
59614	ITA	NA	NA	NA	NA
59614	POL	NA	NA	NA	NA
59614	PRT	5.97	0.4277	NA	NA
59615	BEL	8	0.2971	NA	NA
59615	NLD	NA	NA	NA	NA
59616	BEL	172.42	1.6415	208.41	1.9908
59616	ESP	NA	NA	2	0.0191
59616	ITA	105.37	1.0031	121.31	1.1587
59616	PRT	NA	NA	2	0.0191
59617	BEL	7.01	1.0885	NA	NA
59617	ITA	NA	NA	NA	NA
59617	PRT	NA	NA	NA	NA
59617	ROU	NA	NA	NA	NA
59618	BEL	95	10.4053	NA	NA
59618	DEU	NA	NA	NA	NA
59618	ESP	NA	NA	NA	NA
59618	ITA	NA	NA	NA	NA
59618	POL	NA	NA	NA	NA
59619	BEL	6.02	0.5616	NA	NA
59619	DEU	NA	NA	NA	NA
59619	ESP	NA	NA	NA	NA
59619	ITA	NA	NA	NA	NA
59619	ROU	NA	NA	NA	NA
59620	ITA	NA	NA	NA	NA
59622	ITA	NA	NA	NA	NA
59622	POL	NA	NA	NA	NA
59623	ESP	NA	NA	NA	NA
59623	PRT	4.82	0.7047	NA	NA
59624	ESP	NA	NA	NA	NA
59624	ITA	NA	NA	NA	NA
59624	PRT	29.15	1.3378	NA	NA
59626	BEL	7.11	0.5537	NA	NA
59626	ESP	NA	NA	NA	NA
59626	NLD	NA	NA	NA	NA
59626	PRT	NA	NA	NA	NA
59626	ROU	NA	NA	NA	NA
59627	BEL	74.01	7.2844	NA	NA
59627	ITA	NA	NA	NA	NA
59627	POL	NA	NA	NA	NA
59628	BEL	NA	NA	NA	NA
59629	BEL	NA	NA	NA	NA
59629	ITA	6	0.4498	NA	NA
59630	BEL	NA	NA	NA	NA
59630	ESP	NA	NA	NA	NA
59630	ITA	7.76	0.2923	NA	NA
59630	PRT	NA	NA	NA	NA
59631	BEL	NA	NA	NA	NA
59631	DEU	NA	NA	NA	NA
59631	ESP	NA	NA	NA	NA
59631	POL	NA	NA	NA	NA
59631	PRT	9.79	0.4592	NA	NA
59631	ROU	NA	NA	NA	NA
59632	BEL	9.01	0.1599	9	0.1629
59632	ITA	40.18	0.7132	40	0.7239
59632	POL	NA	NA	NA	NA
59632	PRT	7.03	0.1248	7	0.1267
59633	BEL	38.6	13.4495	NA	NA
59633	PRT	NA	NA	NA	NA
59635	ITA	NA	NA	NA	NA
59635	PRT	NA	NA	NA	NA
59636	BEL	32.46	0.2975	39.46	0.3604
59636	DEU	NA	NA	5.16	0.0472
59636	ESP	NA	NA	6.35	0.058
59636	ITA	12.93	0.1185	20.92	0.1911
59636	NLD	6.8	0.0623	6.73	0.0614
59636	POL	NA	NA	NA	NA
59636	PRT	17.27	0.1583	18.41	0.1681
59636	ROU	NA	NA	NA	NA
59637	BEL	NA	NA	NA	NA
59637	ITA	NA	NA	NA	NA
59637	NLD	NA	NA	NA	NA
59637	POL	4.1	0.3069	NA	NA
59637	PRT	4.1	0.3069	NA	NA
59638	BEL	12.78	0.9509	NA	NA
59638	ITA	NA	NA	NA	NA
59638	PRT	4.96	0.369	NA	NA
59639	BEL	18.93	1.6842	NA	NA
59639	DEU	NA	NA	NA	NA
59639	ESP	NA	NA	NA	NA
59640	BEL	14.33	1.8116	NA	NA
59641	BEL	5	0.2428	NA	NA
59641	NLD	NA	NA	NA	NA
59642	DEU	NA	NA	NA	NA
59642	ITA	NA	NA	NA	NA
59643	BEL	8.07	3.3766	NA	NA
59645	BEL	NA	NA	NA	NA
59646	BEL	26.15	0.1242	50.54	0.2468
59646	DEU	17.74	0.0842	23.19	0.1133
59646	ESP	NA	NA	3.23	0.0158
59646	ITA	42.4	0.2013	36	0.1758
59646	NLD	10.34	0.0491	2	0.0098
59646	POL	16.66	0.0791	18.7	0.0913
59646	PRT	86.25	0.4095	95.27	0.4652
59646	ROU	14.68	0.0697	6.27	0.0306
59648	BEL	11.39	0.0724	14.31	0.0983
59648	DEU	27.03	0.1718	12.26	0.0843
59648	ESP	18.49	0.1175	11.48	0.0789
59648	ITA	9.47	0.0602	8.61	0.0592
59648	NLD	21.83	0.1387	NA	NA
59648	POL	NA	NA	5.01	0.0344
59648	PRT	10.27	0.0653	20.02	0.1376
59648	ROU	14.17	0.0901	NA	NA
59649	BEL	NA	NA	NA	NA
59649	PRT	NA	NA	NA	NA
59650	BEL	286.85	0.6992	320.15	0.7817
59650	DEU	NA	NA	2	0.0049
59650	ESP	78.22	0.1907	84.85	0.2072
59650	ITA	301.2	0.7342	339.43	0.8287
59650	POL	48.92	0.1192	52.04	0.1271
59650	PRT	427.32	1.0416	429.04	1.0475
59651	BEL	NA	NA	NA	NA
59651	ITA	7	0.4302	NA	NA
59651	PRT	NA	NA	NA	NA
59651	ROU	NA	NA	NA	NA
59653	BEL	10.93	0.1396	12	0.1563
59653	BGR	NA	NA	NA	NA
59653	DEU	NA	NA	2	0.0261
59653	ESP	NA	NA	NA	NA
59653	ITA	5	0.0639	NA	NA
59653	PRT	10.98	0.1402	12	0.1563
59654	BEL	5.95	0.0802	9	0.1208
59654	ESP	3.91	0.0527	NA	NA
59654	ITA	25.2	0.3397	30	0.4026
59654	POL	4.04	0.0545	4	0.0537
59654	PRT	3.97	0.0535	4	0.0537
59654	ROU	4.92	0.0663	NA	NA
59655	BEL	NA	NA	NA	NA
59656	BEL	40	0.7478	39.23	0.7247
59656	ESP	40	0.7478	41.24	0.7618
59656	ITA	6	0.1122	NA	NA
59656	NLD	NA	NA	3.02	0.0557
59656	POL	NA	NA	NA	NA
59656	PRT	160	2.9912	165.96	3.066
59657	PRT	NA	NA	NA	NA
59658	BEL	NA	NA	NA	NA
59658	ESP	NA	NA	NA	NA
59658	PRT	NA	NA	NA	NA
59659	BEL	7.96	0.2804	NA	NA
59659	DEU	NA	NA	NA	NA
59659	PRT	NA	NA	NA	NA
59660	BEL	10.85	0.3586	NA	NA
59660	DEU	NA	NA	NA	NA
59660	ITA	NA	NA	NA	NA
59660	NLD	NA	NA	NA	NA
59660	PRT	13.59	0.4491	NA	NA
59660	ROU	NA	NA	NA	NA
59661	BEL	5.87	4.4135	NA	NA
59662	BEL	7.02	0.5274	NA	NA
59662	ITA	NA	NA	NA	NA
59663	BEL	9.13	0.1577	9.04	0.1605
59663	ESP	NA	NA	2	0.0355
59663	ITA	NA	NA	3.02	0.0536
59663	NLD	NA	NA	2	0.0355
59663	PRT	NA	NA	2	0.0355
59663	ROU	NA	NA	NA	NA
59664	ESP	NA	NA	NA	NA
59666	BEL	5	0.3201	NA	NA
59666	ESP	NA	NA	NA	NA
59668	BEL	11.1	0.6768	NA	NA
59668	DEU	NA	NA	NA	NA
59668	PRT	NA	NA	NA	NA
59670	BEL	4	0.2807	NA	NA
59670	ESP	NA	NA	NA	NA
59670	ITA	NA	NA	NA	NA
59670	PRT	NA	NA	NA	NA
59017	DEU	NA	NA	2	0.008
59139	POL	NA	NA	2	0.0137
59155	NLD	NA	NA	2	0.0095
59179	ESP	NA	NA	2	0.0189
59179	DEU	NA	NA	2	0.0189
59220	DEU	NA	NA	3.04	0.0171
59249	NLD	NA	NA	2	0.0171
59421	NLD	NA	NA	2	0.0152
59447	DEU	NA	NA	2	0.0227
59654	DEU	NA	NA	2	0.0268
